Name,Type,Status,From,To
12F,icon,OK,"C:\Users\mahoe\OneDrive\Documents\Dev\ArknightsTactics\assets\icons\12F.png","C:\Users\mahoe\OneDrive\Documents\Dev\ArknightsTactics\assets\icons\12F.png"
12F,battlecard,OK,"C:\Users\mahoe\OneDrive\Documents\Dev\ArknightsTactics\assets\battlecards\12F.png","C:\Users\mahoe\OneDrive\Documents\Dev\ArknightsTactics\assets\battlecards\12F.png"
Absinthe,icon,OK,"C:\Users\mahoe\OneDrive\Documents\Dev\ArknightsTactics\assets\icons\Absinthe.png","C:\Users\mahoe\OneDrive\Documents\Dev\ArknightsTactics\assets\icons\Absinthe.png"
Absinthe,battlecard,OK,"C:\Users\mahoe\OneDrive\Documents\Dev\ArknightsTactics\assets\battlecards\Absinthe.png","C:\Users\mahoe\OneDrive\Documents\Dev\ArknightsTactics\assets\battlecards\Absinthe.png"
Adnachiel,icon,OK,"C:\Users\mahoe\OneDrive\Documents\Dev\ArknightsTactics\assets\icons\Adnachiel.png","C:\Users\mahoe\OneDrive\Documents\Dev\ArknightsTactics\assets\icons\Adnachiel.png"
Adnachiel,battlecard,OK,"C:\Users\mahoe\OneDrive\Documents\Dev\ArknightsTactics\assets\battlecards\Adnachiel.png","C:\Users\mahoe\OneDrive\Documents\Dev\ArknightsTactics\assets\battlecards\Adnachiel.png"
Akafuyu,icon,OK,"C:\Users\mahoe\OneDrive\Documents\Dev\ArknightsTactics\assets\icons\Akafuyu.png","C:\Users\mahoe\OneDrive\Documents\Dev\ArknightsTactics\assets\icons\Akafuyu.png"
Akafuyu,battlecard,OK,"C:\Users\mahoe\OneDrive\Documents\Dev\ArknightsTactics\assets\battlecards\Akafuyu.png","C:\Users\mahoe\OneDrive\Documents\Dev\ArknightsTactics\assets\battlecards\Akafuyu.png"
Ambriel,icon,OK,"C:\Users\mahoe\OneDrive\Documents\Dev\ArknightsTactics\assets\icons\Ambriel.png","C:\Users\mahoe\OneDrive\Documents\Dev\ArknightsTactics\assets\icons\Ambriel.png"
Ambriel,battlecard,OK,"C:\Users\mahoe\OneDrive\Documents\Dev\ArknightsTactics\assets\battlecards\Ambriel.png","C:\Users\mahoe\OneDrive\Documents\Dev\ArknightsTactics\assets\battlecards\Ambriel.png"
Amiya,icon,OK,"C:\Users\mahoe\OneDrive\Documents\Dev\ArknightsTactics\assets\icons\Amiya.png","C:\Users\mahoe\OneDrive\Documents\Dev\ArknightsTactics\assets\icons\Amiya.png"
Amiya,battlecard,OK,"C:\Users\mahoe\OneDrive\Documents\Dev\ArknightsTactics\assets\battlecards\Amiya.png","C:\Users\mahoe\OneDrive\Documents\Dev\ArknightsTactics\assets\battlecards\Amiya.png"
Angelina,icon,OK,"C:\Users\mahoe\OneDrive\Documents\Dev\ArknightsTactics\assets\icons\Angelina.png","C:\Users\mahoe\OneDrive\Documents\Dev\ArknightsTactics\assets\icons\Angelina.png"
Angelina,battlecard,OK,"C:\Users\mahoe\OneDrive\Documents\Dev\ArknightsTactics\assets\battlecards\Angelina.png","C:\Users\mahoe\OneDrive\Documents\Dev\ArknightsTactics\assets\battlecards\Angelina.png"
Ansel,icon,OK,"C:\Users\mahoe\OneDrive\Documents\Dev\ArknightsTactics\assets\icons\Ansel.png","C:\Users\mahoe\OneDrive\Documents\Dev\ArknightsTactics\assets\icons\Ansel.png"
Ansel,battlecard,OK,"C:\Users\mahoe\OneDrive\Documents\Dev\ArknightsTactics\assets\battlecards\Ansel.png","C:\Users\mahoe\OneDrive\Documents\Dev\ArknightsTactics\assets\battlecards\Ansel.png"
April,icon,OK,"C:\Users\mahoe\OneDrive\Documents\Dev\ArknightsTactics\assets\icons\April.png","C:\Users\mahoe\OneDrive\Documents\Dev\ArknightsTactics\assets\icons\April.png"
April,battlecard,OK,"C:\Users\mahoe\OneDrive\Documents\Dev\ArknightsTactics\assets\battlecards\April.png","C:\Users\mahoe\OneDrive\Documents\Dev\ArknightsTactics\assets\battlecards\April.png"
Archetto,icon,OK,"C:\Users\mahoe\OneDrive\Documents\Dev\ArknightsTactics\assets\icons\Archetto.png","C:\Users\mahoe\OneDrive\Documents\Dev\ArknightsTactics\assets\icons\Archetto.png"
Archetto,battlecard,OK,"C:\Users\mahoe\OneDrive\Documents\Dev\ArknightsTactics\assets\battlecards\Archetto.png","C:\Users\mahoe\OneDrive\Documents\Dev\ArknightsTactics\assets\battlecards\Archetto.png"
Arene,icon,OK,"C:\Users\mahoe\OneDrive\Documents\Dev\ArknightsTactics\assets\icons\Arene.png","C:\Users\mahoe\OneDrive\Documents\Dev\ArknightsTactics\assets\icons\Arene.png"
Arene,battlecard,OK,"C:\Users\mahoe\OneDrive\Documents\Dev\ArknightsTactics\assets\battlecards\Arene.png","C:\Users\mahoe\OneDrive\Documents\Dev\ArknightsTactics\assets\battlecards\Arene.png"
Aroma,icon,OK,"C:\Users\mahoe\OneDrive\Documents\Dev\ArknightsTactics\assets\icons\Aroma.png","C:\Users\mahoe\OneDrive\Documents\Dev\ArknightsTactics\assets\icons\Aroma.png"
Aroma,battlecard,OK,"C:\Users\mahoe\OneDrive\Documents\Dev\ArknightsTactics\assets\battlecards\Aroma.png","C:\Users\mahoe\OneDrive\Documents\Dev\ArknightsTactics\assets\battlecards\Aroma.png"
Asbestos,icon,OK,"C:\Users\mahoe\OneDrive\Documents\Dev\ArknightsTactics\assets\icons\Asbestos.png","C:\Users\mahoe\OneDrive\Documents\Dev\ArknightsTactics\assets\icons\Asbestos.png"
Asbestos,battlecard,OK,"C:\Users\mahoe\OneDrive\Documents\Dev\ArknightsTactics\assets\battlecards\Asbestos.png","C:\Users\mahoe\OneDrive\Documents\Dev\ArknightsTactics\assets\battlecards\Asbestos.png"
Ash,icon,OK,"C:\Users\mahoe\OneDrive\Documents\Dev\ArknightsTactics\assets\icons\Ash.png","C:\Users\mahoe\OneDrive\Documents\Dev\ArknightsTactics\assets\icons\Ash.png"
Ash,battlecard,OK,"C:\Users\mahoe\OneDrive\Documents\Dev\ArknightsTactics\assets\battlecards\Ash.png","C:\Users\mahoe\OneDrive\Documents\Dev\ArknightsTactics\assets\battlecards\Ash.png"
Ashlock,icon,OK,"C:\Users\mahoe\OneDrive\Documents\Dev\ArknightsTactics\assets\icons\Ashlock.png","C:\Users\mahoe\OneDrive\Documents\Dev\ArknightsTactics\assets\icons\Ashlock.png"
Ashlock,battlecard,OK,"C:\Users\mahoe\OneDrive\Documents\Dev\ArknightsTactics\assets\battlecards\Ashlock.png","C:\Users\mahoe\OneDrive\Documents\Dev\ArknightsTactics\assets\battlecards\Ashlock.png"
Astesia,icon,OK,"C:\Users\mahoe\OneDrive\Documents\Dev\ArknightsTactics\assets\icons\Astesia.png","C:\Users\mahoe\OneDrive\Documents\Dev\ArknightsTactics\assets\icons\Astesia.png"
Astesia,battlecard,OK,"C:\Users\mahoe\OneDrive\Documents\Dev\ArknightsTactics\assets\battlecards\Astesia.png","C:\Users\mahoe\OneDrive\Documents\Dev\ArknightsTactics\assets\battlecards\Astesia.png"
Astgenne,icon,OK,"C:\Users\mahoe\OneDrive\Documents\Dev\ArknightsTactics\assets\icons\Astgenne.png","C:\Users\mahoe\OneDrive\Documents\Dev\ArknightsTactics\assets\icons\Astgenne.png"
Astgenne,battlecard,OK,"C:\Users\mahoe\OneDrive\Documents\Dev\ArknightsTactics\assets\battlecards\Astgenne.png","C:\Users\mahoe\OneDrive\Documents\Dev\ArknightsTactics\assets\battlecards\Astgenne.png"
Aurora,icon,OK,"C:\Users\mahoe\OneDrive\Documents\Dev\ArknightsTactics\assets\icons\Aurora.png","C:\Users\mahoe\OneDrive\Documents\Dev\ArknightsTactics\assets\icons\Aurora.png"
Aurora,battlecard,OK,"C:\Users\mahoe\OneDrive\Documents\Dev\ArknightsTactics\assets\battlecards\Aurora.png","C:\Users\mahoe\OneDrive\Documents\Dev\ArknightsTactics\assets\battlecards\Aurora.png"
Ayerscarpe,icon,OK,"C:\Users\mahoe\OneDrive\Documents\Dev\ArknightsTactics\assets\icons\Ayerscarpe.png","C:\Users\mahoe\OneDrive\Documents\Dev\ArknightsTactics\assets\icons\Ayerscarpe.png"
Ayerscarpe,battlecard,OK,"C:\Users\mahoe\OneDrive\Documents\Dev\ArknightsTactics\assets\battlecards\Ayerscarpe.png","C:\Users\mahoe\OneDrive\Documents\Dev\ArknightsTactics\assets\battlecards\Ayerscarpe.png"
Bagpipe,icon,OK,"C:\Users\mahoe\OneDrive\Documents\Dev\ArknightsTactics\assets\icons\Bagpipe.png","C:\Users\mahoe\OneDrive\Documents\Dev\ArknightsTactics\assets\icons\Bagpipe.png"
Bagpipe,battlecard,OK,"C:\Users\mahoe\OneDrive\Documents\Dev\ArknightsTactics\assets\battlecards\Bagpipe.png","C:\Users\mahoe\OneDrive\Documents\Dev\ArknightsTactics\assets\battlecards\Bagpipe.png"
Beagle,icon,OK,"C:\Users\mahoe\OneDrive\Documents\Dev\ArknightsTactics\assets\icons\Beagle.png","C:\Users\mahoe\OneDrive\Documents\Dev\ArknightsTactics\assets\icons\Beagle.png"
Beagle,battlecard,OK,"C:\Users\mahoe\OneDrive\Documents\Dev\ArknightsTactics\assets\battlecards\Beagle.png","C:\Users\mahoe\OneDrive\Documents\Dev\ArknightsTactics\assets\battlecards\Beagle.png"
Beanstalk,icon,OK,"C:\Users\mahoe\OneDrive\Documents\Dev\ArknightsTactics\assets\icons\Beanstalk.png","C:\Users\mahoe\OneDrive\Documents\Dev\ArknightsTactics\assets\icons\Beanstalk.png"
Beanstalk,battlecard,OK,"C:\Users\mahoe\OneDrive\Documents\Dev\ArknightsTactics\assets\battlecards\Beanstalk.png","C:\Users\mahoe\OneDrive\Documents\Dev\ArknightsTactics\assets\battlecards\Beanstalk.png"
Beehunter,icon,OK,"C:\Users\mahoe\OneDrive\Documents\Dev\ArknightsTactics\assets\icons\Beehunter.png","C:\Users\mahoe\OneDrive\Documents\Dev\ArknightsTactics\assets\icons\Beehunter.png"
Beehunter,battlecard,OK,"C:\Users\mahoe\OneDrive\Documents\Dev\ArknightsTactics\assets\battlecards\Beehunter.png","C:\Users\mahoe\OneDrive\Documents\Dev\ArknightsTactics\assets\battlecards\Beehunter.png"
Beeswax,icon,OK,"C:\Users\mahoe\OneDrive\Documents\Dev\ArknightsTactics\assets\icons\Beeswax.png","C:\Users\mahoe\OneDrive\Documents\Dev\ArknightsTactics\assets\icons\Beeswax.png"
Beeswax,battlecard,OK,"C:\Users\mahoe\OneDrive\Documents\Dev\ArknightsTactics\assets\battlecards\Beeswax.png","C:\Users\mahoe\OneDrive\Documents\Dev\ArknightsTactics\assets\battlecards\Beeswax.png"
Bena,icon,OK,"C:\Users\mahoe\OneDrive\Documents\Dev\ArknightsTactics\assets\icons\Bena.png","C:\Users\mahoe\OneDrive\Documents\Dev\ArknightsTactics\assets\icons\Bena.png"
Bena,battlecard,OK,"C:\Users\mahoe\OneDrive\Documents\Dev\ArknightsTactics\assets\battlecards\Bena.png","C:\Users\mahoe\OneDrive\Documents\Dev\ArknightsTactics\assets\battlecards\Bena.png"
Bibeak,icon,OK,"C:\Users\mahoe\OneDrive\Documents\Dev\ArknightsTactics\assets\icons\Bibeak.png","C:\Users\mahoe\OneDrive\Documents\Dev\ArknightsTactics\assets\icons\Bibeak.png"
Bibeak,battlecard,OK,"C:\Users\mahoe\OneDrive\Documents\Dev\ArknightsTactics\assets\battlecards\Bibeak.png","C:\Users\mahoe\OneDrive\Documents\Dev\ArknightsTactics\assets\battlecards\Bibeak.png"
Bison,icon,OK,"C:\Users\mahoe\OneDrive\Documents\Dev\ArknightsTactics\assets\icons\Bison.png","C:\Users\mahoe\OneDrive\Documents\Dev\ArknightsTactics\assets\icons\Bison.png"
Bison,battlecard,OK,"C:\Users\mahoe\OneDrive\Documents\Dev\ArknightsTactics\assets\battlecards\Bison.png","C:\Users\mahoe\OneDrive\Documents\Dev\ArknightsTactics\assets\battlecards\Bison.png"
Blaze,icon,OK,"C:\Users\mahoe\OneDrive\Documents\Dev\ArknightsTactics\assets\icons\Blaze.png","C:\Users\mahoe\OneDrive\Documents\Dev\ArknightsTactics\assets\icons\Blaze.png"
Blaze,battlecard,OK,"C:\Users\mahoe\OneDrive\Documents\Dev\ArknightsTactics\assets\battlecards\Blaze.png","C:\Users\mahoe\OneDrive\Documents\Dev\ArknightsTactics\assets\battlecards\Blaze.png"
Blemishine,icon,OK,"C:\Users\mahoe\OneDrive\Documents\Dev\ArknightsTactics\assets\icons\Blemishine.png","C:\Users\mahoe\OneDrive\Documents\Dev\ArknightsTactics\assets\icons\Blemishine.png"
Blemishine,battlecard,OK,"C:\Users\mahoe\OneDrive\Documents\Dev\ArknightsTactics\assets\battlecards\Blemishine.png","C:\Users\mahoe\OneDrive\Documents\Dev\ArknightsTactics\assets\battlecards\Blemishine.png"
Blitz,icon,OK,"C:\Users\mahoe\OneDrive\Documents\Dev\ArknightsTactics\assets\icons\Blitz.png","C:\Users\mahoe\OneDrive\Documents\Dev\ArknightsTactics\assets\icons\Blitz.png"
Blitz,battlecard,OK,"C:\Users\mahoe\OneDrive\Documents\Dev\ArknightsTactics\assets\battlecards\Blitz.png","C:\Users\mahoe\OneDrive\Documents\Dev\ArknightsTactics\assets\battlecards\Blitz.png"
Blue Poison,icon,OK,"C:\Users\mahoe\OneDrive\Documents\Dev\ArknightsTactics\assets\icons\Blue Poison.png","C:\Users\mahoe\OneDrive\Documents\Dev\ArknightsTactics\assets\icons\Blue Poison.png"
Blue Poison,battlecard,OK,"C:\Users\mahoe\OneDrive\Documents\Dev\ArknightsTactics\assets\battlecards\Blue Poison.png","C:\Users\mahoe\OneDrive\Documents\Dev\ArknightsTactics\assets\battlecards\Blue Poison.png"
Breeze,icon,OK,"C:\Users\mahoe\OneDrive\Documents\Dev\ArknightsTactics\assets\icons\Breeze.png","C:\Users\mahoe\OneDrive\Documents\Dev\ArknightsTactics\assets\icons\Breeze.png"
Breeze,battlecard,OK,"C:\Users\mahoe\OneDrive\Documents\Dev\ArknightsTactics\assets\battlecards\Breeze.png","C:\Users\mahoe\OneDrive\Documents\Dev\ArknightsTactics\assets\battlecards\Breeze.png"
Broca,icon,OK,"C:\Users\mahoe\OneDrive\Documents\Dev\ArknightsTactics\assets\icons\Broca.png","C:\Users\mahoe\OneDrive\Documents\Dev\ArknightsTactics\assets\icons\Broca.png"
Broca,battlecard,OK,"C:\Users\mahoe\OneDrive\Documents\Dev\ArknightsTactics\assets\battlecards\Broca.png","C:\Users\mahoe\OneDrive\Documents\Dev\ArknightsTactics\assets\battlecards\Broca.png"
Bryophyta,icon,OK,"C:\Users\mahoe\OneDrive\Documents\Dev\ArknightsTactics\assets\icons\Bryophyta.png","C:\Users\mahoe\OneDrive\Documents\Dev\ArknightsTactics\assets\icons\Bryophyta.png"
Bryophyta,battlecard,OK,"C:\Users\mahoe\OneDrive\Documents\Dev\ArknightsTactics\assets\battlecards\Bryophyta.png","C:\Users\mahoe\OneDrive\Documents\Dev\ArknightsTactics\assets\battlecards\Bryophyta.png"
Bubble,icon,OK,"C:\Users\mahoe\OneDrive\Documents\Dev\ArknightsTactics\assets\icons\Bubble.png","C:\Users\mahoe\OneDrive\Documents\Dev\ArknightsTactics\assets\icons\Bubble.png"
Bubble,battlecard,OK,"C:\Users\mahoe\OneDrive\Documents\Dev\ArknightsTactics\assets\battlecards\Bubble.png","C:\Users\mahoe\OneDrive\Documents\Dev\ArknightsTactics\assets\battlecards\Bubble.png"
Cantabile,icon,OK,"C:\Users\mahoe\OneDrive\Documents\Dev\ArknightsTactics\assets\icons\Cantabile.png","C:\Users\mahoe\OneDrive\Documents\Dev\ArknightsTactics\assets\icons\Cantabile.png"
Cantabile,battlecard,OK,"C:\Users\mahoe\OneDrive\Documents\Dev\ArknightsTactics\assets\battlecards\Cantabile.png","C:\Users\mahoe\OneDrive\Documents\Dev\ArknightsTactics\assets\battlecards\Cantabile.png"
Cardigan,icon,OK,"C:\Users\mahoe\OneDrive\Documents\Dev\ArknightsTactics\assets\icons\Cardigan.png","C:\Users\mahoe\OneDrive\Documents\Dev\ArknightsTactics\assets\icons\Cardigan.png"
Cardigan,battlecard,OK,"C:\Users\mahoe\OneDrive\Documents\Dev\ArknightsTactics\assets\battlecards\Cardigan.png","C:\Users\mahoe\OneDrive\Documents\Dev\ArknightsTactics\assets\battlecards\Cardigan.png"
Castle-3,icon,OK,"C:\Users\mahoe\OneDrive\Documents\Dev\ArknightsTactics\assets\icons\Castle-3.png","C:\Users\mahoe\OneDrive\Documents\Dev\ArknightsTactics\assets\icons\Castle-3.png"
Castle-3,battlecard,OK,"C:\Users\mahoe\OneDrive\Documents\Dev\ArknightsTactics\assets\battlecards\Castle-3.png","C:\Users\mahoe\OneDrive\Documents\Dev\ArknightsTactics\assets\battlecards\Castle-3.png"
Cement,icon,OK,"C:\Users\mahoe\OneDrive\Documents\Dev\ArknightsTactics\assets\icons\Cement.png","C:\Users\mahoe\OneDrive\Documents\Dev\ArknightsTactics\assets\icons\Cement.png"
Cement,battlecard,OK,"C:\Users\mahoe\OneDrive\Documents\Dev\ArknightsTactics\assets\battlecards\Cement.png","C:\Users\mahoe\OneDrive\Documents\Dev\ArknightsTactics\assets\battlecards\Cement.png"
Ceobe,icon,OK,"C:\Users\mahoe\OneDrive\Documents\Dev\ArknightsTactics\assets\icons\Ceobe.png","C:\Users\mahoe\OneDrive\Documents\Dev\ArknightsTactics\assets\icons\Ceobe.png"
Ceobe,battlecard,OK,"C:\Users\mahoe\OneDrive\Documents\Dev\ArknightsTactics\assets\battlecards\Ceobe.png","C:\Users\mahoe\OneDrive\Documents\Dev\ArknightsTactics\assets\battlecards\Ceobe.png"
Ceylon,icon,OK,"C:\Users\mahoe\OneDrive\Documents\Dev\ArknightsTactics\assets\icons\Ceylon.png","C:\Users\mahoe\OneDrive\Documents\Dev\ArknightsTactics\assets\icons\Ceylon.png"
Ceylon,battlecard,OK,"C:\Users\mahoe\OneDrive\Documents\Dev\ArknightsTactics\assets\battlecards\Ceylon.png","C:\Users\mahoe\OneDrive\Documents\Dev\ArknightsTactics\assets\battlecards\Ceylon.png"
Chiave,icon,OK,"C:\Users\mahoe\OneDrive\Documents\Dev\ArknightsTactics\assets\icons\Chiave.png","C:\Users\mahoe\OneDrive\Documents\Dev\ArknightsTactics\assets\icons\Chiave.png"
Chiave,battlecard,OK,"C:\Users\mahoe\OneDrive\Documents\Dev\ArknightsTactics\assets\battlecards\Chiave.png","C:\Users\mahoe\OneDrive\Documents\Dev\ArknightsTactics\assets\battlecards\Chiave.png"
Chongyue,icon,OK,"C:\Users\mahoe\OneDrive\Documents\Dev\ArknightsTactics\assets\icons\Chongyue.png","C:\Users\mahoe\OneDrive\Documents\Dev\ArknightsTactics\assets\icons\Chongyue.png"
Chongyue,battlecard,OK,"C:\Users\mahoe\OneDrive\Documents\Dev\ArknightsTactics\assets\battlecards\Chongyue.png","C:\Users\mahoe\OneDrive\Documents\Dev\ArknightsTactics\assets\battlecards\Chongyue.png"
Click,icon,OK,"C:\Users\mahoe\OneDrive\Documents\Dev\ArknightsTactics\assets\icons\Click.png","C:\Users\mahoe\OneDrive\Documents\Dev\ArknightsTactics\assets\icons\Click.png"
Click,battlecard,OK,"C:\Users\mahoe\OneDrive\Documents\Dev\ArknightsTactics\assets\battlecards\Click.png","C:\Users\mahoe\OneDrive\Documents\Dev\ArknightsTactics\assets\battlecards\Click.png"
Cliffheart,icon,OK,"C:\Users\mahoe\OneDrive\Documents\Dev\ArknightsTactics\assets\icons\Cliffheart.png","C:\Users\mahoe\OneDrive\Documents\Dev\ArknightsTactics\assets\icons\Cliffheart.png"
Cliffheart,battlecard,OK,"C:\Users\mahoe\OneDrive\Documents\Dev\ArknightsTactics\assets\battlecards\Cliffheart.png","C:\Users\mahoe\OneDrive\Documents\Dev\ArknightsTactics\assets\battlecards\Cliffheart.png"
Conviction,icon,OK,"C:\Users\mahoe\OneDrive\Documents\Dev\ArknightsTactics\assets\icons\Conviction.png","C:\Users\mahoe\OneDrive\Documents\Dev\ArknightsTactics\assets\icons\Conviction.png"
Conviction,battlecard,OK,"C:\Users\mahoe\OneDrive\Documents\Dev\ArknightsTactics\assets\battlecards\Conviction.png","C:\Users\mahoe\OneDrive\Documents\Dev\ArknightsTactics\assets\battlecards\Conviction.png"
Corroserum,icon,OK,"C:\Users\mahoe\OneDrive\Documents\Dev\ArknightsTactics\assets\icons\Corroserum.png","C:\Users\mahoe\OneDrive\Documents\Dev\ArknightsTactics\assets\icons\Corroserum.png"
Corroserum,battlecard,OK,"C:\Users\mahoe\OneDrive\Documents\Dev\ArknightsTactics\assets\battlecards\Corroserum.png","C:\Users\mahoe\OneDrive\Documents\Dev\ArknightsTactics\assets\battlecards\Corroserum.png"
Courier,icon,OK,"C:\Users\mahoe\OneDrive\Documents\Dev\ArknightsTactics\assets\icons\Courier.png","C:\Users\mahoe\OneDrive\Documents\Dev\ArknightsTactics\assets\icons\Courier.png"
Courier,battlecard,OK,"C:\Users\mahoe\OneDrive\Documents\Dev\ArknightsTactics\assets\battlecards\Courier.png","C:\Users\mahoe\OneDrive\Documents\Dev\ArknightsTactics\assets\battlecards\Courier.png"
Croissant,icon,OK,"C:\Users\mahoe\OneDrive\Documents\Dev\ArknightsTactics\assets\icons\Croissant.png","C:\Users\mahoe\OneDrive\Documents\Dev\ArknightsTactics\assets\icons\Croissant.png"
Croissant,battlecard,OK,"C:\Users\mahoe\OneDrive\Documents\Dev\ArknightsTactics\assets\battlecards\Croissant.png","C:\Users\mahoe\OneDrive\Documents\Dev\ArknightsTactics\assets\battlecards\Croissant.png"
Cuora,icon,OK,"C:\Users\mahoe\OneDrive\Documents\Dev\ArknightsTactics\assets\icons\Cuora.png","C:\Users\mahoe\OneDrive\Documents\Dev\ArknightsTactics\assets\icons\Cuora.png"
Cuora,battlecard,OK,"C:\Users\mahoe\OneDrive\Documents\Dev\ArknightsTactics\assets\battlecards\Cuora.png","C:\Users\mahoe\OneDrive\Documents\Dev\ArknightsTactics\assets\battlecards\Cuora.png"
Cutter,icon,OK,"C:\Users\mahoe\OneDrive\Documents\Dev\ArknightsTactics\assets\icons\Cutter.png","C:\Users\mahoe\OneDrive\Documents\Dev\ArknightsTactics\assets\icons\Cutter.png"
Cutter,battlecard,OK,"C:\Users\mahoe\OneDrive\Documents\Dev\ArknightsTactics\assets\battlecards\Cutter.png","C:\Users\mahoe\OneDrive\Documents\Dev\ArknightsTactics\assets\battlecards\Cutter.png"
Czerny,icon,OK,"C:\Users\mahoe\OneDrive\Documents\Dev\ArknightsTactics\assets\icons\Czerny.png","C:\Users\mahoe\OneDrive\Documents\Dev\ArknightsTactics\assets\icons\Czerny.png"
Czerny,battlecard,OK,"C:\Users\mahoe\OneDrive\Documents\Dev\ArknightsTactics\assets\battlecards\Czerny.png","C:\Users\mahoe\OneDrive\Documents\Dev\ArknightsTactics\assets\battlecards\Czerny.png"
Dagda,icon,OK,"C:\Users\mahoe\OneDrive\Documents\Dev\ArknightsTactics\assets\icons\Dagda.png","C:\Users\mahoe\OneDrive\Documents\Dev\ArknightsTactics\assets\icons\Dagda.png"
Dagda,battlecard,OK,"C:\Users\mahoe\OneDrive\Documents\Dev\ArknightsTactics\assets\battlecards\Dagda.png","C:\Users\mahoe\OneDrive\Documents\Dev\ArknightsTactics\assets\battlecards\Dagda.png"
Deepcolor,icon,OK,"C:\Users\mahoe\OneDrive\Documents\Dev\ArknightsTactics\assets\icons\Deepcolor.png","C:\Users\mahoe\OneDrive\Documents\Dev\ArknightsTactics\assets\icons\Deepcolor.png"
Deepcolor,battlecard,OK,"C:\Users\mahoe\OneDrive\Documents\Dev\ArknightsTactics\assets\battlecards\Deepcolor.png","C:\Users\mahoe\OneDrive\Documents\Dev\ArknightsTactics\assets\battlecards\Deepcolor.png"
Delphine,icon,OK,"C:\Users\mahoe\OneDrive\Documents\Dev\ArknightsTactics\assets\icons\Delphine.png","C:\Users\mahoe\OneDrive\Documents\Dev\ArknightsTactics\assets\icons\Delphine.png"
Delphine,battlecard,OK,"C:\Users\mahoe\OneDrive\Documents\Dev\ArknightsTactics\assets\battlecards\Delphine.png","C:\Users\mahoe\OneDrive\Documents\Dev\ArknightsTactics\assets\battlecards\Delphine.png"
Diamante,icon,OK,"C:\Users\mahoe\OneDrive\Documents\Dev\ArknightsTactics\assets\icons\Diamante.png","C:\Users\mahoe\OneDrive\Documents\Dev\ArknightsTactics\assets\icons\Diamante.png"
Diamante,battlecard,OK,"C:\Users\mahoe\OneDrive\Documents\Dev\ArknightsTactics\assets\battlecards\Diamante.png","C:\Users\mahoe\OneDrive\Documents\Dev\ArknightsTactics\assets\battlecards\Diamante.png"
Dur-nar,icon,OK,"C:\Users\mahoe\OneDrive\Documents\Dev\ArknightsTactics\assets\icons\Dur-nar.png","C:\Users\mahoe\OneDrive\Documents\Dev\ArknightsTactics\assets\icons\Dur-nar.png"
Dur-nar,battlecard,OK,"C:\Users\mahoe\OneDrive\Documents\Dev\ArknightsTactics\assets\battlecards\Dur-nar.png","C:\Users\mahoe\OneDrive\Documents\Dev\ArknightsTactics\assets\battlecards\Dur-nar.png"
Durin,icon,OK,"C:\Users\mahoe\OneDrive\Documents\Dev\ArknightsTactics\assets\icons\Durin.png","C:\Users\mahoe\OneDrive\Documents\Dev\ArknightsTactics\assets\icons\Durin.png"
Durin,battlecard,OK,"C:\Users\mahoe\OneDrive\Documents\Dev\ArknightsTactics\assets\battlecards\Durin.png","C:\Users\mahoe\OneDrive\Documents\Dev\ArknightsTactics\assets\battlecards\Durin.png"
Dusk,icon,OK,"C:\Users\mahoe\OneDrive\Documents\Dev\ArknightsTactics\assets\icons\Dusk.png","C:\Users\mahoe\OneDrive\Documents\Dev\ArknightsTactics\assets\icons\Dusk.png"
Dusk,battlecard,OK,"C:\Users\mahoe\OneDrive\Documents\Dev\ArknightsTactics\assets\battlecards\Dusk.png","C:\Users\mahoe\OneDrive\Documents\Dev\ArknightsTactics\assets\battlecards\Dusk.png"
Earthspirit,icon,OK,"C:\Users\mahoe\OneDrive\Documents\Dev\ArknightsTactics\assets\icons\Earthspirit.png","C:\Users\mahoe\OneDrive\Documents\Dev\ArknightsTactics\assets\icons\Earthspirit.png"
Earthspirit,battlecard,OK,"C:\Users\mahoe\OneDrive\Documents\Dev\ArknightsTactics\assets\battlecards\Earthspirit.png","C:\Users\mahoe\OneDrive\Documents\Dev\ArknightsTactics\assets\battlecards\Earthspirit.png"
Ebenholz,icon,OK,"C:\Users\mahoe\OneDrive\Documents\Dev\ArknightsTactics\assets\icons\Ebenholz.png","C:\Users\mahoe\OneDrive\Documents\Dev\ArknightsTactics\assets\icons\Ebenholz.png"
Ebenholz,battlecard,OK,"C:\Users\mahoe\OneDrive\Documents\Dev\ArknightsTactics\assets\battlecards\Ebenholz.png","C:\Users\mahoe\OneDrive\Documents\Dev\ArknightsTactics\assets\battlecards\Ebenholz.png"
Elysium,icon,OK,"C:\Users\mahoe\OneDrive\Documents\Dev\ArknightsTactics\assets\icons\Elysium.png","C:\Users\mahoe\OneDrive\Documents\Dev\ArknightsTactics\assets\icons\Elysium.png"
Elysium,battlecard,OK,"C:\Users\mahoe\OneDrive\Documents\Dev\ArknightsTactics\assets\battlecards\Elysium.png","C:\Users\mahoe\OneDrive\Documents\Dev\ArknightsTactics\assets\battlecards\Elysium.png"
Estelle,icon,OK,"C:\Users\mahoe\OneDrive\Documents\Dev\ArknightsTactics\assets\icons\Estelle.png","C:\Users\mahoe\OneDrive\Documents\Dev\ArknightsTactics\assets\icons\Estelle.png"
Estelle,battlecard,OK,"C:\Users\mahoe\OneDrive\Documents\Dev\ArknightsTactics\assets\battlecards\Estelle.png","C:\Users\mahoe\OneDrive\Documents\Dev\ArknightsTactics\assets\battlecards\Estelle.png"
Ethan,icon,OK,"C:\Users\mahoe\OneDrive\Documents\Dev\ArknightsTactics\assets\icons\Ethan.png","C:\Users\mahoe\OneDrive\Documents\Dev\ArknightsTactics\assets\icons\Ethan.png"
Ethan,battlecard,OK,"C:\Users\mahoe\OneDrive\Documents\Dev\ArknightsTactics\assets\battlecards\Ethan.png","C:\Users\mahoe\OneDrive\Documents\Dev\ArknightsTactics\assets\battlecards\Ethan.png"
Eunectes,icon,OK,"C:\Users\mahoe\OneDrive\Documents\Dev\ArknightsTactics\assets\icons\Eunectes.png","C:\Users\mahoe\OneDrive\Documents\Dev\ArknightsTactics\assets\icons\Eunectes.png"
Eunectes,battlecard,OK,"C:\Users\mahoe\OneDrive\Documents\Dev\ArknightsTactics\assets\battlecards\Eunectes.png","C:\Users\mahoe\OneDrive\Documents\Dev\ArknightsTactics\assets\battlecards\Eunectes.png"
Executor,icon,OK,"C:\Users\mahoe\OneDrive\Documents\Dev\ArknightsTactics\assets\icons\Executor.png","C:\Users\mahoe\OneDrive\Documents\Dev\ArknightsTactics\assets\icons\Executor.png"
Executor,battlecard,OK,"C:\Users\mahoe\OneDrive\Documents\Dev\ArknightsTactics\assets\battlecards\Executor.png","C:\Users\mahoe\OneDrive\Documents\Dev\ArknightsTactics\assets\battlecards\Executor.png"
Exusiai,icon,OK,"C:\Users\mahoe\OneDrive\Documents\Dev\ArknightsTactics\assets\icons\Exusiai.png","C:\Users\mahoe\OneDrive\Documents\Dev\ArknightsTactics\assets\icons\Exusiai.png"
Exusiai,battlecard,OK,"C:\Users\mahoe\OneDrive\Documents\Dev\ArknightsTactics\assets\battlecards\Exusiai.png","C:\Users\mahoe\OneDrive\Documents\Dev\ArknightsTactics\assets\battlecards\Exusiai.png"
Eyjafjalla,icon,OK,"C:\Users\mahoe\OneDrive\Documents\Dev\ArknightsTactics\assets\icons\Eyjafjalla.png","C:\Users\mahoe\OneDrive\Documents\Dev\ArknightsTactics\assets\icons\Eyjafjalla.png"
Eyjafjalla,battlecard,OK,"C:\Users\mahoe\OneDrive\Documents\Dev\ArknightsTactics\assets\battlecards\Eyjafjalla.png","C:\Users\mahoe\OneDrive\Documents\Dev\ArknightsTactics\assets\battlecards\Eyjafjalla.png"
Fang,icon,OK,"C:\Users\mahoe\OneDrive\Documents\Dev\ArknightsTactics\assets\icons\Fang.png","C:\Users\mahoe\OneDrive\Documents\Dev\ArknightsTactics\assets\icons\Fang.png"
Fang,battlecard,OK,"C:\Users\mahoe\OneDrive\Documents\Dev\ArknightsTactics\assets\battlecards\Fang.png","C:\Users\mahoe\OneDrive\Documents\Dev\ArknightsTactics\assets\battlecards\Fang.png"
Fartooth,icon,OK,"C:\Users\mahoe\OneDrive\Documents\Dev\ArknightsTactics\assets\icons\Fartooth.png","C:\Users\mahoe\OneDrive\Documents\Dev\ArknightsTactics\assets\icons\Fartooth.png"
Fartooth,battlecard,OK,"C:\Users\mahoe\OneDrive\Documents\Dev\ArknightsTactics\assets\battlecards\Fartooth.png","C:\Users\mahoe\OneDrive\Documents\Dev\ArknightsTactics\assets\battlecards\Fartooth.png"
FEater,icon,OK,"C:\Users\mahoe\OneDrive\Documents\Dev\ArknightsTactics\assets\icons\FEater.png","C:\Users\mahoe\OneDrive\Documents\Dev\ArknightsTactics\assets\icons\FEater.png"
FEater,battlecard,OK,"C:\Users\mahoe\OneDrive\Documents\Dev\ArknightsTactics\assets\battlecards\FEater.png","C:\Users\mahoe\OneDrive\Documents\Dev\ArknightsTactics\assets\battlecards\FEater.png"
Firewatch,icon,OK,"C:\Users\mahoe\OneDrive\Documents\Dev\ArknightsTactics\assets\icons\Firewatch.png","C:\Users\mahoe\OneDrive\Documents\Dev\ArknightsTactics\assets\icons\Firewatch.png"
Firewatch,battlecard,OK,"C:\Users\mahoe\OneDrive\Documents\Dev\ArknightsTactics\assets\battlecards\Firewatch.png","C:\Users\mahoe\OneDrive\Documents\Dev\ArknightsTactics\assets\battlecards\Firewatch.png"
Firewhistle,icon,OK,"C:\Users\mahoe\OneDrive\Documents\Dev\ArknightsTactics\assets\icons\Firewhistle.png","C:\Users\mahoe\OneDrive\Documents\Dev\ArknightsTactics\assets\icons\Firewhistle.png"
Firewhistle,battlecard,OK,"C:\Users\mahoe\OneDrive\Documents\Dev\ArknightsTactics\assets\battlecards\Firewhistle.png","C:\Users\mahoe\OneDrive\Documents\Dev\ArknightsTactics\assets\battlecards\Firewhistle.png"
Flamebringer,icon,OK,"C:\Users\mahoe\OneDrive\Documents\Dev\ArknightsTactics\assets\icons\Flamebringer.png","C:\Users\mahoe\OneDrive\Documents\Dev\ArknightsTactics\assets\icons\Flamebringer.png"
Flamebringer,battlecard,OK,"C:\Users\mahoe\OneDrive\Documents\Dev\ArknightsTactics\assets\battlecards\Flamebringer.png","C:\Users\mahoe\OneDrive\Documents\Dev\ArknightsTactics\assets\battlecards\Flamebringer.png"
Flametail,icon,OK,"C:\Users\mahoe\OneDrive\Documents\Dev\ArknightsTactics\assets\icons\Flametail.png","C:\Users\mahoe\OneDrive\Documents\Dev\ArknightsTactics\assets\icons\Flametail.png"
Flametail,battlecard,OK,"C:\Users\mahoe\OneDrive\Documents\Dev\ArknightsTactics\assets\battlecards\Flametail.png","C:\Users\mahoe\OneDrive\Documents\Dev\ArknightsTactics\assets\battlecards\Flametail.png"
Flint,icon,OK,"C:\Users\mahoe\OneDrive\Documents\Dev\ArknightsTactics\assets\icons\Flint.png","C:\Users\mahoe\OneDrive\Documents\Dev\ArknightsTactics\assets\icons\Flint.png"
Flint,battlecard,OK,"C:\Users\mahoe\OneDrive\Documents\Dev\ArknightsTactics\assets\battlecards\Flint.png","C:\Users\mahoe\OneDrive\Documents\Dev\ArknightsTactics\assets\battlecards\Flint.png"
Folinic,icon,OK,"C:\Users\mahoe\OneDrive\Documents\Dev\ArknightsTactics\assets\icons\Folinic.png","C:\Users\mahoe\OneDrive\Documents\Dev\ArknightsTactics\assets\icons\Folinic.png"
Folinic,battlecard,OK,"C:\Users\mahoe\OneDrive\Documents\Dev\ArknightsTactics\assets\battlecards\Folinic.png","C:\Users\mahoe\OneDrive\Documents\Dev\ArknightsTactics\assets\battlecards\Folinic.png"
Franka,icon,OK,"C:\Users\mahoe\OneDrive\Documents\Dev\ArknightsTactics\assets\icons\Franka.png","C:\Users\mahoe\OneDrive\Documents\Dev\ArknightsTactics\assets\icons\Franka.png"
Franka,battlecard,OK,"C:\Users\mahoe\OneDrive\Documents\Dev\ArknightsTactics\assets\battlecards\Franka.png","C:\Users\mahoe\OneDrive\Documents\Dev\ArknightsTactics\assets\battlecards\Franka.png"
Friston-3,icon,OK,"C:\Users\mahoe\OneDrive\Documents\Dev\ArknightsTactics\assets\icons\Friston-3.png","C:\Users\mahoe\OneDrive\Documents\Dev\ArknightsTactics\assets\icons\Friston-3.png"
Friston-3,battlecard,OK,"C:\Users\mahoe\OneDrive\Documents\Dev\ArknightsTactics\assets\battlecards\Friston-3.png","C:\Users\mahoe\OneDrive\Documents\Dev\ArknightsTactics\assets\battlecards\Friston-3.png"
Frost,icon,OK,"C:\Users\mahoe\OneDrive\Documents\Dev\ArknightsTactics\assets\icons\Frost.png","C:\Users\mahoe\OneDrive\Documents\Dev\ArknightsTactics\assets\icons\Frost.png"
Frost,battlecard,OK,"C:\Users\mahoe\OneDrive\Documents\Dev\ArknightsTactics\assets\battlecards\Frost.png","C:\Users\mahoe\OneDrive\Documents\Dev\ArknightsTactics\assets\battlecards\Frost.png"
Frostleaf,icon,OK,"C:\Users\mahoe\OneDrive\Documents\Dev\ArknightsTactics\assets\icons\Frostleaf.png","C:\Users\mahoe\OneDrive\Documents\Dev\ArknightsTactics\assets\icons\Frostleaf.png"
Frostleaf,battlecard,OK,"C:\Users\mahoe\OneDrive\Documents\Dev\ArknightsTactics\assets\battlecards\Frostleaf.png","C:\Users\mahoe\OneDrive\Documents\Dev\ArknightsTactics\assets\battlecards\Frostleaf.png"
Gavial,icon,OK,"C:\Users\mahoe\OneDrive\Documents\Dev\ArknightsTactics\assets\icons\Gavial.png","C:\Users\mahoe\OneDrive\Documents\Dev\ArknightsTactics\assets\icons\Gavial.png"
Gavial,battlecard,OK,"C:\Users\mahoe\OneDrive\Documents\Dev\ArknightsTactics\assets\battlecards\Gavial.png","C:\Users\mahoe\OneDrive\Documents\Dev\ArknightsTactics\assets\battlecards\Gavial.png"
Gitano,icon,OK,"C:\Users\mahoe\OneDrive\Documents\Dev\ArknightsTactics\assets\icons\Gitano.png","C:\Users\mahoe\OneDrive\Documents\Dev\ArknightsTactics\assets\icons\Gitano.png"
Gitano,battlecard,OK,"C:\Users\mahoe\OneDrive\Documents\Dev\ArknightsTactics\assets\battlecards\Gitano.png","C:\Users\mahoe\OneDrive\Documents\Dev\ArknightsTactics\assets\battlecards\Gitano.png"
Gladiia,icon,OK,"C:\Users\mahoe\OneDrive\Documents\Dev\ArknightsTactics\assets\icons\Gladiia.png","C:\Users\mahoe\OneDrive\Documents\Dev\ArknightsTactics\assets\icons\Gladiia.png"
Gladiia,battlecard,OK,"C:\Users\mahoe\OneDrive\Documents\Dev\ArknightsTactics\assets\battlecards\Gladiia.png","C:\Users\mahoe\OneDrive\Documents\Dev\ArknightsTactics\assets\battlecards\Gladiia.png"
Glaucus,icon,OK,"C:\Users\mahoe\OneDrive\Documents\Dev\ArknightsTactics\assets\icons\Glaucus.png","C:\Users\mahoe\OneDrive\Documents\Dev\ArknightsTactics\assets\icons\Glaucus.png"
Glaucus,battlecard,OK,"C:\Users\mahoe\OneDrive\Documents\Dev\ArknightsTactics\assets\battlecards\Glaucus.png","C:\Users\mahoe\OneDrive\Documents\Dev\ArknightsTactics\assets\battlecards\Glaucus.png"
Gnosis,icon,OK,"C:\Users\mahoe\OneDrive\Documents\Dev\ArknightsTactics\assets\icons\Gnosis.png","C:\Users\mahoe\OneDrive\Documents\Dev\ArknightsTactics\assets\icons\Gnosis.png"
Gnosis,battlecard,OK,"C:\Users\mahoe\OneDrive\Documents\Dev\ArknightsTactics\assets\battlecards\Gnosis.png","C:\Users\mahoe\OneDrive\Documents\Dev\ArknightsTactics\assets\battlecards\Gnosis.png"
Goldenglow,icon,OK,"C:\Users\mahoe\OneDrive\Documents\Dev\ArknightsTactics\assets\icons\Goldenglow.png","C:\Users\mahoe\OneDrive\Documents\Dev\ArknightsTactics\assets\icons\Goldenglow.png"
Goldenglow,battlecard,OK,"C:\Users\mahoe\OneDrive\Documents\Dev\ArknightsTactics\assets\battlecards\Goldenglow.png","C:\Users\mahoe\OneDrive\Documents\Dev\ArknightsTactics\assets\battlecards\Goldenglow.png"
Grani,icon,OK,"C:\Users\mahoe\OneDrive\Documents\Dev\ArknightsTactics\assets\icons\Grani.png","C:\Users\mahoe\OneDrive\Documents\Dev\ArknightsTactics\assets\icons\Grani.png"
Grani,battlecard,OK,"C:\Users\mahoe\OneDrive\Documents\Dev\ArknightsTactics\assets\battlecards\Grani.png","C:\Users\mahoe\OneDrive\Documents\Dev\ArknightsTactics\assets\battlecards\Grani.png"
Gravel,icon,OK,"C:\Users\mahoe\OneDrive\Documents\Dev\ArknightsTactics\assets\icons\Gravel.png","C:\Users\mahoe\OneDrive\Documents\Dev\ArknightsTactics\assets\icons\Gravel.png"
Gravel,battlecard,OK,"C:\Users\mahoe\OneDrive\Documents\Dev\ArknightsTactics\assets\battlecards\Gravel.png","C:\Users\mahoe\OneDrive\Documents\Dev\ArknightsTactics\assets\battlecards\Gravel.png"
GreyThroat,icon,OK,"C:\Users\mahoe\OneDrive\Documents\Dev\ArknightsTactics\assets\icons\GreyThroat.png","C:\Users\mahoe\OneDrive\Documents\Dev\ArknightsTactics\assets\icons\GreyThroat.png"
GreyThroat,battlecard,OK,"C:\Users\mahoe\OneDrive\Documents\Dev\ArknightsTactics\assets\battlecards\GreyThroat.png","C:\Users\mahoe\OneDrive\Documents\Dev\ArknightsTactics\assets\battlecards\GreyThroat.png"
Greyy,icon,OK,"C:\Users\mahoe\OneDrive\Documents\Dev\ArknightsTactics\assets\icons\Greyy.png","C:\Users\mahoe\OneDrive\Documents\Dev\ArknightsTactics\assets\icons\Greyy.png"
Greyy,battlecard,OK,"C:\Users\mahoe\OneDrive\Documents\Dev\ArknightsTactics\assets\battlecards\Greyy.png","C:\Users\mahoe\OneDrive\Documents\Dev\ArknightsTactics\assets\battlecards\Greyy.png"
Gummy,icon,OK,"C:\Users\mahoe\OneDrive\Documents\Dev\ArknightsTactics\assets\icons\Gummy.png","C:\Users\mahoe\OneDrive\Documents\Dev\ArknightsTactics\assets\icons\Gummy.png"
Gummy,battlecard,OK,"C:\Users\mahoe\OneDrive\Documents\Dev\ArknightsTactics\assets\battlecards\Gummy.png","C:\Users\mahoe\OneDrive\Documents\Dev\ArknightsTactics\assets\battlecards\Gummy.png"
Harmonie,icon,OK,"C:\Users\mahoe\OneDrive\Documents\Dev\ArknightsTactics\assets\icons\Harmonie.png","C:\Users\mahoe\OneDrive\Documents\Dev\ArknightsTactics\assets\icons\Harmonie.png"
Harmonie,battlecard,OK,"C:\Users\mahoe\OneDrive\Documents\Dev\ArknightsTactics\assets\battlecards\Harmonie.png","C:\Users\mahoe\OneDrive\Documents\Dev\ArknightsTactics\assets\battlecards\Harmonie.png"
Haze,icon,OK,"C:\Users\mahoe\OneDrive\Documents\Dev\ArknightsTactics\assets\icons\Haze.png","C:\Users\mahoe\OneDrive\Documents\Dev\ArknightsTactics\assets\icons\Haze.png"
Haze,battlecard,OK,"C:\Users\mahoe\OneDrive\Documents\Dev\ArknightsTactics\assets\battlecards\Haze.png","C:\Users\mahoe\OneDrive\Documents\Dev\ArknightsTactics\assets\battlecards\Haze.png"
Heavyrain,icon,OK,"C:\Users\mahoe\OneDrive\Documents\Dev\ArknightsTactics\assets\icons\Heavyrain.png","C:\Users\mahoe\OneDrive\Documents\Dev\ArknightsTactics\assets\icons\Heavyrain.png"
Heavyrain,battlecard,OK,"C:\Users\mahoe\OneDrive\Documents\Dev\ArknightsTactics\assets\battlecards\Heavyrain.png","C:\Users\mahoe\OneDrive\Documents\Dev\ArknightsTactics\assets\battlecards\Heavyrain.png"
Heidi,icon,OK,"C:\Users\mahoe\OneDrive\Documents\Dev\ArknightsTactics\assets\icons\Heidi.png","C:\Users\mahoe\OneDrive\Documents\Dev\ArknightsTactics\assets\icons\Heidi.png"
Heidi,battlecard,OK,"C:\Users\mahoe\OneDrive\Documents\Dev\ArknightsTactics\assets\battlecards\Heidi.png","C:\Users\mahoe\OneDrive\Documents\Dev\ArknightsTactics\assets\battlecards\Heidi.png"
Hellagur,icon,OK,"C:\Users\mahoe\OneDrive\Documents\Dev\ArknightsTactics\assets\icons\Hellagur.png","C:\Users\mahoe\OneDrive\Documents\Dev\ArknightsTactics\assets\icons\Hellagur.png"
Hellagur,battlecard,OK,"C:\Users\mahoe\OneDrive\Documents\Dev\ArknightsTactics\assets\battlecards\Hellagur.png","C:\Users\mahoe\OneDrive\Documents\Dev\ArknightsTactics\assets\battlecards\Hellagur.png"
Hibiscus,icon,OK,"C:\Users\mahoe\OneDrive\Documents\Dev\ArknightsTactics\assets\icons\Hibiscus.png","C:\Users\mahoe\OneDrive\Documents\Dev\ArknightsTactics\assets\icons\Hibiscus.png"
Hibiscus,battlecard,OK,"C:\Users\mahoe\OneDrive\Documents\Dev\ArknightsTactics\assets\battlecards\Hibiscus.png","C:\Users\mahoe\OneDrive\Documents\Dev\ArknightsTactics\assets\battlecards\Hibiscus.png"
Highmore,icon,OK,"C:\Users\mahoe\OneDrive\Documents\Dev\ArknightsTactics\assets\icons\Highmore.png","C:\Users\mahoe\OneDrive\Documents\Dev\ArknightsTactics\assets\icons\Highmore.png"
Highmore,battlecard,OK,"C:\Users\mahoe\OneDrive\Documents\Dev\ArknightsTactics\assets\battlecards\Highmore.png","C:\Users\mahoe\OneDrive\Documents\Dev\ArknightsTactics\assets\battlecards\Highmore.png"
Honeyberry,icon,OK,"C:\Users\mahoe\OneDrive\Documents\Dev\ArknightsTactics\assets\icons\Honeyberry.png","C:\Users\mahoe\OneDrive\Documents\Dev\ArknightsTactics\assets\icons\Honeyberry.png"
Honeyberry,battlecard,OK,"C:\Users\mahoe\OneDrive\Documents\Dev\ArknightsTactics\assets\battlecards\Honeyberry.png","C:\Users\mahoe\OneDrive\Documents\Dev\ArknightsTactics\assets\battlecards\Honeyberry.png"
Horn,icon,OK,"C:\Users\mahoe\OneDrive\Documents\Dev\ArknightsTactics\assets\icons\Horn.png","C:\Users\mahoe\OneDrive\Documents\Dev\ArknightsTactics\assets\icons\Horn.png"
Horn,battlecard,OK,"C:\Users\mahoe\OneDrive\Documents\Dev\ArknightsTactics\assets\battlecards\Horn.png","C:\Users\mahoe\OneDrive\Documents\Dev\ArknightsTactics\assets\battlecards\Horn.png"
Hoshiguma,icon,OK,"C:\Users\mahoe\OneDrive\Documents\Dev\ArknightsTactics\assets\icons\Hoshiguma.png","C:\Users\mahoe\OneDrive\Documents\Dev\ArknightsTactics\assets\icons\Hoshiguma.png"
Hoshiguma,battlecard,OK,"C:\Users\mahoe\OneDrive\Documents\Dev\ArknightsTactics\assets\battlecards\Hoshiguma.png","C:\Users\mahoe\OneDrive\Documents\Dev\ArknightsTactics\assets\battlecards\Hoshiguma.png"
Hung,icon,OK,"C:\Users\mahoe\OneDrive\Documents\Dev\ArknightsTactics\assets\icons\Hung.png","C:\Users\mahoe\OneDrive\Documents\Dev\ArknightsTactics\assets\icons\Hung.png"
Hung,battlecard,OK,"C:\Users\mahoe\OneDrive\Documents\Dev\ArknightsTactics\assets\battlecards\Hung.png","C:\Users\mahoe\OneDrive\Documents\Dev\ArknightsTactics\assets\battlecards\Hung.png"
Ifrit,icon,OK,"C:\Users\mahoe\OneDrive\Documents\Dev\ArknightsTactics\assets\icons\Ifrit.png","C:\Users\mahoe\OneDrive\Documents\Dev\ArknightsTactics\assets\icons\Ifrit.png"
Ifrit,battlecard,OK,"C:\Users\mahoe\OneDrive\Documents\Dev\ArknightsTactics\assets\battlecards\Ifrit.png","C:\Users\mahoe\OneDrive\Documents\Dev\ArknightsTactics\assets\battlecards\Ifrit.png"
Indigo,icon,OK,"C:\Users\mahoe\OneDrive\Documents\Dev\ArknightsTactics\assets\icons\Indigo.png","C:\Users\mahoe\OneDrive\Documents\Dev\ArknightsTactics\assets\icons\Indigo.png"
Indigo,battlecard,OK,"C:\Users\mahoe\OneDrive\Documents\Dev\ArknightsTactics\assets\battlecards\Indigo.png","C:\Users\mahoe\OneDrive\Documents\Dev\ArknightsTactics\assets\battlecards\Indigo.png"
Indra,icon,OK,"C:\Users\mahoe\OneDrive\Documents\Dev\ArknightsTactics\assets\icons\Indra.png","C:\Users\mahoe\OneDrive\Documents\Dev\ArknightsTactics\assets\icons\Indra.png"
Indra,battlecard,OK,"C:\Users\mahoe\OneDrive\Documents\Dev\ArknightsTactics\assets\battlecards\Indra.png","C:\Users\mahoe\OneDrive\Documents\Dev\ArknightsTactics\assets\battlecards\Indra.png"
Ines,icon,OK,"C:\Users\mahoe\OneDrive\Documents\Dev\ArknightsTactics\assets\icons\Ines.png","C:\Users\mahoe\OneDrive\Documents\Dev\ArknightsTactics\assets\icons\Ines.png"
Ines,battlecard,OK,"C:\Users\mahoe\OneDrive\Documents\Dev\ArknightsTactics\assets\battlecards\Ines.png","C:\Users\mahoe\OneDrive\Documents\Dev\ArknightsTactics\assets\battlecards\Ines.png"
Irene,icon,OK,"C:\Users\mahoe\OneDrive\Documents\Dev\ArknightsTactics\assets\icons\Irene.png","C:\Users\mahoe\OneDrive\Documents\Dev\ArknightsTactics\assets\icons\Irene.png"
Irene,battlecard,OK,"C:\Users\mahoe\OneDrive\Documents\Dev\ArknightsTactics\assets\battlecards\Irene.png","C:\Users\mahoe\OneDrive\Documents\Dev\ArknightsTactics\assets\battlecards\Irene.png"
Iris,icon,OK,"C:\Users\mahoe\OneDrive\Documents\Dev\ArknightsTactics\assets\icons\Iris.png","C:\Users\mahoe\OneDrive\Documents\Dev\ArknightsTactics\assets\icons\Iris.png"
Iris,battlecard,OK,"C:\Users\mahoe\OneDrive\Documents\Dev\ArknightsTactics\assets\battlecards\Iris.png","C:\Users\mahoe\OneDrive\Documents\Dev\ArknightsTactics\assets\battlecards\Iris.png"
Istina,icon,OK,"C:\Users\mahoe\OneDrive\Documents\Dev\ArknightsTactics\assets\icons\Istina.png","C:\Users\mahoe\OneDrive\Documents\Dev\ArknightsTactics\assets\icons\Istina.png"
Istina,battlecard,OK,"C:\Users\mahoe\OneDrive\Documents\Dev\ArknightsTactics\assets\battlecards\Istina.png","C:\Users\mahoe\OneDrive\Documents\Dev\ArknightsTactics\assets\battlecards\Istina.png"
Jackie,icon,OK,"C:\Users\mahoe\OneDrive\Documents\Dev\ArknightsTactics\assets\icons\Jackie.png","C:\Users\mahoe\OneDrive\Documents\Dev\ArknightsTactics\assets\icons\Jackie.png"
Jackie,battlecard,OK,"C:\Users\mahoe\OneDrive\Documents\Dev\ArknightsTactics\assets\battlecards\Jackie.png","C:\Users\mahoe\OneDrive\Documents\Dev\ArknightsTactics\assets\battlecards\Jackie.png"
Jaye,icon,OK,"C:\Users\mahoe\OneDrive\Documents\Dev\ArknightsTactics\assets\icons\Jaye.png","C:\Users\mahoe\OneDrive\Documents\Dev\ArknightsTactics\assets\icons\Jaye.png"
Jaye,battlecard,OK,"C:\Users\mahoe\OneDrive\Documents\Dev\ArknightsTactics\assets\battlecards\Jaye.png","C:\Users\mahoe\OneDrive\Documents\Dev\ArknightsTactics\assets\battlecards\Jaye.png"
Jessica,icon,OK,"C:\Users\mahoe\OneDrive\Documents\Dev\ArknightsTactics\assets\icons\Jessica.png","C:\Users\mahoe\OneDrive\Documents\Dev\ArknightsTactics\assets\icons\Jessica.png"
Jessica,battlecard,OK,"C:\Users\mahoe\OneDrive\Documents\Dev\ArknightsTactics\assets\battlecards\Jessica.png","C:\Users\mahoe\OneDrive\Documents\Dev\ArknightsTactics\assets\battlecards\Jessica.png"
Kafka,icon,OK,"C:\Users\mahoe\OneDrive\Documents\Dev\ArknightsTactics\assets\icons\Kafka.png","C:\Users\mahoe\OneDrive\Documents\Dev\ArknightsTactics\assets\icons\Kafka.png"
Kafka,battlecard,OK,"C:\Users\mahoe\OneDrive\Documents\Dev\ArknightsTactics\assets\battlecards\Kafka.png","C:\Users\mahoe\OneDrive\Documents\Dev\ArknightsTactics\assets\battlecards\Kafka.png"
Kjera,icon,OK,"C:\Users\mahoe\OneDrive\Documents\Dev\ArknightsTactics\assets\icons\Kjera.png","C:\Users\mahoe\OneDrive\Documents\Dev\ArknightsTactics\assets\icons\Kjera.png"
Kjera,battlecard,OK,"C:\Users\mahoe\OneDrive\Documents\Dev\ArknightsTactics\assets\battlecards\Kjera.png","C:\Users\mahoe\OneDrive\Documents\Dev\ArknightsTactics\assets\battlecards\Kjera.png"
Kroos,icon,OK,"C:\Users\mahoe\OneDrive\Documents\Dev\ArknightsTactics\assets\icons\Kroos.png","C:\Users\mahoe\OneDrive\Documents\Dev\ArknightsTactics\assets\icons\Kroos.png"
Kroos,battlecard,OK,"C:\Users\mahoe\OneDrive\Documents\Dev\ArknightsTactics\assets\battlecards\Kroos.png","C:\Users\mahoe\OneDrive\Documents\Dev\ArknightsTactics\assets\battlecards\Kroos.png"
La Pluma,icon,OK,"C:\Users\mahoe\OneDrive\Documents\Dev\ArknightsTactics\assets\icons\La Pluma.png","C:\Users\mahoe\OneDrive\Documents\Dev\ArknightsTactics\assets\icons\La Pluma.png"
La Pluma,battlecard,OK,"C:\Users\mahoe\OneDrive\Documents\Dev\ArknightsTactics\assets\battlecards\La Pluma.png","C:\Users\mahoe\OneDrive\Documents\Dev\ArknightsTactics\assets\battlecards\La Pluma.png"
Lancet-2,icon,OK,"C:\Users\mahoe\OneDrive\Documents\Dev\ArknightsTactics\assets\icons\Lancet-2.png","C:\Users\mahoe\OneDrive\Documents\Dev\ArknightsTactics\assets\icons\Lancet-2.png"
Lancet-2,battlecard,OK,"C:\Users\mahoe\OneDrive\Documents\Dev\ArknightsTactics\assets\battlecards\Lancet-2.png","C:\Users\mahoe\OneDrive\Documents\Dev\ArknightsTactics\assets\battlecards\Lancet-2.png"
Lappland,icon,OK,"C:\Users\mahoe\OneDrive\Documents\Dev\ArknightsTactics\assets\icons\Lappland.png","C:\Users\mahoe\OneDrive\Documents\Dev\ArknightsTactics\assets\icons\Lappland.png"
Lappland,battlecard,OK,"C:\Users\mahoe\OneDrive\Documents\Dev\ArknightsTactics\assets\battlecards\Lappland.png","C:\Users\mahoe\OneDrive\Documents\Dev\ArknightsTactics\assets\battlecards\Lappland.png"
Lava,icon,OK,"C:\Users\mahoe\OneDrive\Documents\Dev\ArknightsTactics\assets\icons\Lava.png","C:\Users\mahoe\OneDrive\Documents\Dev\ArknightsTactics\assets\icons\Lava.png"
Lava,battlecard,OK,"C:\Users\mahoe\OneDrive\Documents\Dev\ArknightsTactics\assets\battlecards\Lava.png","C:\Users\mahoe\OneDrive\Documents\Dev\ArknightsTactics\assets\battlecards\Lava.png"
Leizi,icon,OK,"C:\Users\mahoe\OneDrive\Documents\Dev\ArknightsTactics\assets\icons\Leizi.png","C:\Users\mahoe\OneDrive\Documents\Dev\ArknightsTactics\assets\icons\Leizi.png"
Leizi,battlecard,OK,"C:\Users\mahoe\OneDrive\Documents\Dev\ArknightsTactics\assets\battlecards\Leizi.png","C:\Users\mahoe\OneDrive\Documents\Dev\ArknightsTactics\assets\battlecards\Leizi.png"
Leonhardt,icon,OK,"C:\Users\mahoe\OneDrive\Documents\Dev\ArknightsTactics\assets\icons\Leonhardt.png","C:\Users\mahoe\OneDrive\Documents\Dev\ArknightsTactics\assets\icons\Leonhardt.png"
Leonhardt,battlecard,OK,"C:\Users\mahoe\OneDrive\Documents\Dev\ArknightsTactics\assets\battlecards\Leonhardt.png","C:\Users\mahoe\OneDrive\Documents\Dev\ArknightsTactics\assets\battlecards\Leonhardt.png"
Lin,icon,OK,"C:\Users\mahoe\OneDrive\Documents\Dev\ArknightsTactics\assets\icons\Lin.png","C:\Users\mahoe\OneDrive\Documents\Dev\ArknightsTactics\assets\icons\Lin.png"
Lin,battlecard,OK,"C:\Users\mahoe\OneDrive\Documents\Dev\ArknightsTactics\assets\battlecards\Lin.png","C:\Users\mahoe\OneDrive\Documents\Dev\ArknightsTactics\assets\battlecards\Lin.png"
Ling,icon,OK,"C:\Users\mahoe\OneDrive\Documents\Dev\ArknightsTactics\assets\icons\Ling.png","C:\Users\mahoe\OneDrive\Documents\Dev\ArknightsTactics\assets\icons\Ling.png"
Ling,battlecard,OK,"C:\Users\mahoe\OneDrive\Documents\Dev\ArknightsTactics\assets\battlecards\Ling.png","C:\Users\mahoe\OneDrive\Documents\Dev\ArknightsTactics\assets\battlecards\Ling.png"
Liskarm,icon,OK,"C:\Users\mahoe\OneDrive\Documents\Dev\ArknightsTactics\assets\icons\Liskarm.png","C:\Users\mahoe\OneDrive\Documents\Dev\ArknightsTactics\assets\icons\Liskarm.png"
Liskarm,battlecard,OK,"C:\Users\mahoe\OneDrive\Documents\Dev\ArknightsTactics\assets\battlecards\Liskarm.png","C:\Users\mahoe\OneDrive\Documents\Dev\ArknightsTactics\assets\battlecards\Liskarm.png"
Logos,icon,OK,"C:\Users\mahoe\OneDrive\Documents\Dev\ArknightsTactics\assets\icons\Logos.png","C:\Users\mahoe\OneDrive\Documents\Dev\ArknightsTactics\assets\icons\Logos.png"
Logos,battlecard,OK,"C:\Users\mahoe\OneDrive\Documents\Dev\ArknightsTactics\assets\battlecards\Logos.png","C:\Users\mahoe\OneDrive\Documents\Dev\ArknightsTactics\assets\battlecards\Logos.png"
Lumen,icon,OK,"C:\Users\mahoe\OneDrive\Documents\Dev\ArknightsTactics\assets\icons\Lumen.png","C:\Users\mahoe\OneDrive\Documents\Dev\ArknightsTactics\assets\icons\Lumen.png"
Lumen,battlecard,OK,"C:\Users\mahoe\OneDrive\Documents\Dev\ArknightsTactics\assets\battlecards\Lumen.png","C:\Users\mahoe\OneDrive\Documents\Dev\ArknightsTactics\assets\battlecards\Lumen.png"
Magallan,icon,OK,"C:\Users\mahoe\OneDrive\Documents\Dev\ArknightsTactics\assets\icons\Magallan.png","C:\Users\mahoe\OneDrive\Documents\Dev\ArknightsTactics\assets\icons\Magallan.png"
Magallan,battlecard,OK,"C:\Users\mahoe\OneDrive\Documents\Dev\ArknightsTactics\assets\battlecards\Magallan.png","C:\Users\mahoe\OneDrive\Documents\Dev\ArknightsTactics\assets\battlecards\Magallan.png"
Manticore,icon,OK,"C:\Users\mahoe\OneDrive\Documents\Dev\ArknightsTactics\assets\icons\Manticore.png","C:\Users\mahoe\OneDrive\Documents\Dev\ArknightsTactics\assets\icons\Manticore.png"
Manticore,battlecard,OK,"C:\Users\mahoe\OneDrive\Documents\Dev\ArknightsTactics\assets\battlecards\Manticore.png","C:\Users\mahoe\OneDrive\Documents\Dev\ArknightsTactics\assets\battlecards\Manticore.png"
Marcille,icon,OK,"C:\Users\mahoe\OneDrive\Documents\Dev\ArknightsTactics\assets\icons\Marcille.png","C:\Users\mahoe\OneDrive\Documents\Dev\ArknightsTactics\assets\icons\Marcille.png"
Marcille,battlecard,OK,"C:\Users\mahoe\OneDrive\Documents\Dev\ArknightsTactics\assets\battlecards\Marcille.png","C:\Users\mahoe\OneDrive\Documents\Dev\ArknightsTactics\assets\battlecards\Marcille.png"
Matoimaru,icon,OK,"C:\Users\mahoe\OneDrive\Documents\Dev\ArknightsTactics\assets\icons\Matoimaru.png","C:\Users\mahoe\OneDrive\Documents\Dev\ArknightsTactics\assets\icons\Matoimaru.png"
Matoimaru,battlecard,OK,"C:\Users\mahoe\OneDrive\Documents\Dev\ArknightsTactics\assets\battlecards\Matoimaru.png","C:\Users\mahoe\OneDrive\Documents\Dev\ArknightsTactics\assets\battlecards\Matoimaru.png"
Matterhorn,icon,OK,"C:\Users\mahoe\OneDrive\Documents\Dev\ArknightsTactics\assets\icons\Matterhorn.png","C:\Users\mahoe\OneDrive\Documents\Dev\ArknightsTactics\assets\icons\Matterhorn.png"
Matterhorn,battlecard,OK,"C:\Users\mahoe\OneDrive\Documents\Dev\ArknightsTactics\assets\battlecards\Matterhorn.png","C:\Users\mahoe\OneDrive\Documents\Dev\ArknightsTactics\assets\battlecards\Matterhorn.png"
May,icon,OK,"C:\Users\mahoe\OneDrive\Documents\Dev\ArknightsTactics\assets\icons\May.png","C:\Users\mahoe\OneDrive\Documents\Dev\ArknightsTactics\assets\icons\May.png"
May,battlecard,OK,"C:\Users\mahoe\OneDrive\Documents\Dev\ArknightsTactics\assets\battlecards\May.png","C:\Users\mahoe\OneDrive\Documents\Dev\ArknightsTactics\assets\battlecards\May.png"
Melantha,icon,OK,"C:\Users\mahoe\OneDrive\Documents\Dev\ArknightsTactics\assets\icons\Melantha.png","C:\Users\mahoe\OneDrive\Documents\Dev\ArknightsTactics\assets\icons\Melantha.png"
Melantha,battlecard,OK,"C:\Users\mahoe\OneDrive\Documents\Dev\ArknightsTactics\assets\battlecards\Melantha.png","C:\Users\mahoe\OneDrive\Documents\Dev\ArknightsTactics\assets\battlecards\Melantha.png"
Midnight,icon,OK,"C:\Users\mahoe\OneDrive\Documents\Dev\ArknightsTactics\assets\icons\Midnight.png","C:\Users\mahoe\OneDrive\Documents\Dev\ArknightsTactics\assets\icons\Midnight.png"
Midnight,battlecard,OK,"C:\Users\mahoe\OneDrive\Documents\Dev\ArknightsTactics\assets\battlecards\Midnight.png","C:\Users\mahoe\OneDrive\Documents\Dev\ArknightsTactics\assets\battlecards\Midnight.png"
Mint,icon,OK,"C:\Users\mahoe\OneDrive\Documents\Dev\ArknightsTactics\assets\icons\Mint.png","C:\Users\mahoe\OneDrive\Documents\Dev\ArknightsTactics\assets\icons\Mint.png"
Mint,battlecard,OK,"C:\Users\mahoe\OneDrive\Documents\Dev\ArknightsTactics\assets\battlecards\Mint.png","C:\Users\mahoe\OneDrive\Documents\Dev\ArknightsTactics\assets\battlecards\Mint.png"
Miss Christine,icon,OK,"C:\Users\mahoe\OneDrive\Documents\Dev\ArknightsTactics\assets\icons\Miss Christine.png","C:\Users\mahoe\OneDrive\Documents\Dev\ArknightsTactics\assets\icons\Miss Christine.png"
Miss Christine,battlecard,OK,"C:\Users\mahoe\OneDrive\Documents\Dev\ArknightsTactics\assets\battlecards\Miss Christine.png","C:\Users\mahoe\OneDrive\Documents\Dev\ArknightsTactics\assets\battlecards\Miss Christine.png"
Mizuki,icon,OK,"C:\Users\mahoe\OneDrive\Documents\Dev\ArknightsTactics\assets\icons\Mizuki.png","C:\Users\mahoe\OneDrive\Documents\Dev\ArknightsTactics\assets\icons\Mizuki.png"
Mizuki,battlecard,OK,"C:\Users\mahoe\OneDrive\Documents\Dev\ArknightsTactics\assets\battlecards\Mizuki.png","C:\Users\mahoe\OneDrive\Documents\Dev\ArknightsTactics\assets\battlecards\Mizuki.png"
Morgan,icon,OK,"C:\Users\mahoe\OneDrive\Documents\Dev\ArknightsTactics\assets\icons\Morgan.png","C:\Users\mahoe\OneDrive\Documents\Dev\ArknightsTactics\assets\icons\Morgan.png"
Morgan,battlecard,OK,"C:\Users\mahoe\OneDrive\Documents\Dev\ArknightsTactics\assets\battlecards\Morgan.png","C:\Users\mahoe\OneDrive\Documents\Dev\ArknightsTactics\assets\battlecards\Morgan.png"
Mostima,icon,OK,"C:\Users\mahoe\OneDrive\Documents\Dev\ArknightsTactics\assets\icons\Mostima.png","C:\Users\mahoe\OneDrive\Documents\Dev\ArknightsTactics\assets\icons\Mostima.png"
Mostima,battlecard,OK,"C:\Users\mahoe\OneDrive\Documents\Dev\ArknightsTactics\assets\battlecards\Mostima.png","C:\Users\mahoe\OneDrive\Documents\Dev\ArknightsTactics\assets\battlecards\Mostima.png"
Mountain,icon,OK,"C:\Users\mahoe\OneDrive\Documents\Dev\ArknightsTactics\assets\icons\Mountain.png","C:\Users\mahoe\OneDrive\Documents\Dev\ArknightsTactics\assets\icons\Mountain.png"
Mountain,battlecard,OK,"C:\Users\mahoe\OneDrive\Documents\Dev\ArknightsTactics\assets\battlecards\Mountain.png","C:\Users\mahoe\OneDrive\Documents\Dev\ArknightsTactics\assets\battlecards\Mountain.png"
Mr. Nothing,icon,OK,"C:\Users\mahoe\OneDrive\Documents\Dev\ArknightsTactics\assets\icons\Mr. Nothing.png","C:\Users\mahoe\OneDrive\Documents\Dev\ArknightsTactics\assets\icons\Mr. Nothing.png"
Mr. Nothing,battlecard,OK,"C:\Users\mahoe\OneDrive\Documents\Dev\ArknightsTactics\assets\battlecards\Mr. Nothing.png","C:\Users\mahoe\OneDrive\Documents\Dev\ArknightsTactics\assets\battlecards\Mr. Nothing.png"
Mudrock,icon,OK,"C:\Users\mahoe\OneDrive\Documents\Dev\ArknightsTactics\assets\icons\Mudrock.png","C:\Users\mahoe\OneDrive\Documents\Dev\ArknightsTactics\assets\icons\Mudrock.png"
Mudrock,battlecard,OK,"C:\Users\mahoe\OneDrive\Documents\Dev\ArknightsTactics\assets\battlecards\Mudrock.png","C:\Users\mahoe\OneDrive\Documents\Dev\ArknightsTactics\assets\battlecards\Mudrock.png"
Muelsyse,icon,OK,"C:\Users\mahoe\OneDrive\Documents\Dev\ArknightsTactics\assets\icons\Muelsyse.png","C:\Users\mahoe\OneDrive\Documents\Dev\ArknightsTactics\assets\icons\Muelsyse.png"
Muelsyse,battlecard,OK,"C:\Users\mahoe\OneDrive\Documents\Dev\ArknightsTactics\assets\battlecards\Muelsyse.png","C:\Users\mahoe\OneDrive\Documents\Dev\ArknightsTactics\assets\battlecards\Muelsyse.png"
Mulberry,icon,OK,"C:\Users\mahoe\OneDrive\Documents\Dev\ArknightsTactics\assets\icons\Mulberry.png","C:\Users\mahoe\OneDrive\Documents\Dev\ArknightsTactics\assets\icons\Mulberry.png"
Mulberry,battlecard,OK,"C:\Users\mahoe\OneDrive\Documents\Dev\ArknightsTactics\assets\battlecards\Mulberry.png","C:\Users\mahoe\OneDrive\Documents\Dev\ArknightsTactics\assets\battlecards\Mulberry.png"
Myrrh,icon,OK,"C:\Users\mahoe\OneDrive\Documents\Dev\ArknightsTactics\assets\icons\Myrrh.png","C:\Users\mahoe\OneDrive\Documents\Dev\ArknightsTactics\assets\icons\Myrrh.png"
Myrrh,battlecard,OK,"C:\Users\mahoe\OneDrive\Documents\Dev\ArknightsTactics\assets\battlecards\Myrrh.png","C:\Users\mahoe\OneDrive\Documents\Dev\ArknightsTactics\assets\battlecards\Myrrh.png"
Myrtle,icon,OK,"C:\Users\mahoe\OneDrive\Documents\Dev\ArknightsTactics\assets\icons\Myrtle.png","C:\Users\mahoe\OneDrive\Documents\Dev\ArknightsTactics\assets\icons\Myrtle.png"
Myrtle,battlecard,OK,"C:\Users\mahoe\OneDrive\Documents\Dev\ArknightsTactics\assets\battlecards\Myrtle.png","C:\Users\mahoe\OneDrive\Documents\Dev\ArknightsTactics\assets\battlecards\Myrtle.png"
Nearl,icon,OK,"C:\Users\mahoe\OneDrive\Documents\Dev\ArknightsTactics\assets\icons\Nearl.png","C:\Users\mahoe\OneDrive\Documents\Dev\ArknightsTactics\assets\icons\Nearl.png"
Nearl,battlecard,OK,"C:\Users\mahoe\OneDrive\Documents\Dev\ArknightsTactics\assets\battlecards\Nearl.png","C:\Users\mahoe\OneDrive\Documents\Dev\ArknightsTactics\assets\battlecards\Nearl.png"
Necrass,icon,OK,"C:\Users\mahoe\OneDrive\Documents\Dev\ArknightsTactics\assets\icons\Necrass.png","C:\Users\mahoe\OneDrive\Documents\Dev\ArknightsTactics\assets\icons\Necrass.png"
Necrass,battlecard,OK,"C:\Users\mahoe\OneDrive\Documents\Dev\ArknightsTactics\assets\battlecards\Necrass.png","C:\Users\mahoe\OneDrive\Documents\Dev\ArknightsTactics\assets\battlecards\Necrass.png"
Nian,icon,OK,"C:\Users\mahoe\OneDrive\Documents\Dev\ArknightsTactics\assets\icons\Nian.png","C:\Users\mahoe\OneDrive\Documents\Dev\ArknightsTactics\assets\icons\Nian.png"
Nian,battlecard,OK,"C:\Users\mahoe\OneDrive\Documents\Dev\ArknightsTactics\assets\battlecards\Nian.png","C:\Users\mahoe\OneDrive\Documents\Dev\ArknightsTactics\assets\battlecards\Nian.png"
Nightingale,icon,OK,"C:\Users\mahoe\OneDrive\Documents\Dev\ArknightsTactics\assets\icons\Nightingale.png","C:\Users\mahoe\OneDrive\Documents\Dev\ArknightsTactics\assets\icons\Nightingale.png"
Nightingale,battlecard,OK,"C:\Users\mahoe\OneDrive\Documents\Dev\ArknightsTactics\assets\battlecards\Nightingale.png","C:\Users\mahoe\OneDrive\Documents\Dev\ArknightsTactics\assets\battlecards\Nightingale.png"
Nightmare,icon,OK,"C:\Users\mahoe\OneDrive\Documents\Dev\ArknightsTactics\assets\icons\Nightmare.png","C:\Users\mahoe\OneDrive\Documents\Dev\ArknightsTactics\assets\icons\Nightmare.png"
Nightmare,battlecard,OK,"C:\Users\mahoe\OneDrive\Documents\Dev\ArknightsTactics\assets\battlecards\Nightmare.png","C:\Users\mahoe\OneDrive\Documents\Dev\ArknightsTactics\assets\battlecards\Nightmare.png"
Nine-Colored Deer,icon,OK,"C:\Users\mahoe\OneDrive\Documents\Dev\ArknightsTactics\assets\icons\Nine-Colored Deer.png","C:\Users\mahoe\OneDrive\Documents\Dev\ArknightsTactics\assets\icons\Nine-Colored Deer.png"
Nine-Colored Deer,battlecard,OK,"C:\Users\mahoe\OneDrive\Documents\Dev\ArknightsTactics\assets\battlecards\Nine-Colored Deer.png","C:\Users\mahoe\OneDrive\Documents\Dev\ArknightsTactics\assets\battlecards\Nine-Colored Deer.png"
Noir Corne,icon,OK,"C:\Users\mahoe\OneDrive\Documents\Dev\ArknightsTactics\assets\icons\Noir Corne.png","C:\Users\mahoe\OneDrive\Documents\Dev\ArknightsTactics\assets\icons\Noir Corne.png"
Noir Corne,battlecard,OK,"C:\Users\mahoe\OneDrive\Documents\Dev\ArknightsTactics\assets\battlecards\Noir Corne.png","C:\Users\mahoe\OneDrive\Documents\Dev\ArknightsTactics\assets\battlecards\Noir Corne.png"
Nymph,icon,OK,"C:\Users\mahoe\OneDrive\Documents\Dev\ArknightsTactics\assets\icons\Nymph.png","C:\Users\mahoe\OneDrive\Documents\Dev\ArknightsTactics\assets\icons\Nymph.png"
Nymph,battlecard,OK,"C:\Users\mahoe\OneDrive\Documents\Dev\ArknightsTactics\assets\battlecards\Nymph.png","C:\Users\mahoe\OneDrive\Documents\Dev\ArknightsTactics\assets\battlecards\Nymph.png"
Orchid,icon,OK,"C:\Users\mahoe\OneDrive\Documents\Dev\ArknightsTactics\assets\icons\Orchid.png","C:\Users\mahoe\OneDrive\Documents\Dev\ArknightsTactics\assets\icons\Orchid.png"
Orchid,battlecard,OK,"C:\Users\mahoe\OneDrive\Documents\Dev\ArknightsTactics\assets\battlecards\Orchid.png","C:\Users\mahoe\OneDrive\Documents\Dev\ArknightsTactics\assets\battlecards\Orchid.png"
Pallas,icon,OK,"C:\Users\mahoe\OneDrive\Documents\Dev\ArknightsTactics\assets\icons\Pallas.png","C:\Users\mahoe\OneDrive\Documents\Dev\ArknightsTactics\assets\icons\Pallas.png"
Pallas,battlecard,OK,"C:\Users\mahoe\OneDrive\Documents\Dev\ArknightsTactics\assets\battlecards\Pallas.png","C:\Users\mahoe\OneDrive\Documents\Dev\ArknightsTactics\assets\battlecards\Pallas.png"
Passenger,icon,OK,"C:\Users\mahoe\OneDrive\Documents\Dev\ArknightsTactics\assets\icons\Passenger.png","C:\Users\mahoe\OneDrive\Documents\Dev\ArknightsTactics\assets\icons\Passenger.png"
Passenger,battlecard,OK,"C:\Users\mahoe\OneDrive\Documents\Dev\ArknightsTactics\assets\battlecards\Passenger.png","C:\Users\mahoe\OneDrive\Documents\Dev\ArknightsTactics\assets\battlecards\Passenger.png"
Penance,icon,OK,"C:\Users\mahoe\OneDrive\Documents\Dev\ArknightsTactics\assets\icons\Penance.png","C:\Users\mahoe\OneDrive\Documents\Dev\ArknightsTactics\assets\icons\Penance.png"
Penance,battlecard,OK,"C:\Users\mahoe\OneDrive\Documents\Dev\ArknightsTactics\assets\battlecards\Penance.png","C:\Users\mahoe\OneDrive\Documents\Dev\ArknightsTactics\assets\battlecards\Penance.png"
Perfumer,icon,OK,"C:\Users\mahoe\OneDrive\Documents\Dev\ArknightsTactics\assets\icons\Perfumer.png","C:\Users\mahoe\OneDrive\Documents\Dev\ArknightsTactics\assets\icons\Perfumer.png"
Perfumer,battlecard,OK,"C:\Users\mahoe\OneDrive\Documents\Dev\ArknightsTactics\assets\battlecards\Perfumer.png","C:\Users\mahoe\OneDrive\Documents\Dev\ArknightsTactics\assets\battlecards\Perfumer.png"
Pith,icon,OK,"C:\Users\mahoe\OneDrive\Documents\Dev\ArknightsTactics\assets\icons\Pith.png","C:\Users\mahoe\OneDrive\Documents\Dev\ArknightsTactics\assets\icons\Pith.png"
Pith,battlecard,OK,"C:\Users\mahoe\OneDrive\Documents\Dev\ArknightsTactics\assets\battlecards\Pith.png","C:\Users\mahoe\OneDrive\Documents\Dev\ArknightsTactics\assets\battlecards\Pith.png"
Platinum,icon,OK,"C:\Users\mahoe\OneDrive\Documents\Dev\ArknightsTactics\assets\icons\Platinum.png","C:\Users\mahoe\OneDrive\Documents\Dev\ArknightsTactics\assets\icons\Platinum.png"
Platinum,battlecard,OK,"C:\Users\mahoe\OneDrive\Documents\Dev\ArknightsTactics\assets\battlecards\Platinum.png","C:\Users\mahoe\OneDrive\Documents\Dev\ArknightsTactics\assets\battlecards\Platinum.png"
Plume,icon,OK,"C:\Users\mahoe\OneDrive\Documents\Dev\ArknightsTactics\assets\icons\Plume.png","C:\Users\mahoe\OneDrive\Documents\Dev\ArknightsTactics\assets\icons\Plume.png"
Plume,battlecard,OK,"C:\Users\mahoe\OneDrive\Documents\Dev\ArknightsTactics\assets\battlecards\Plume.png","C:\Users\mahoe\OneDrive\Documents\Dev\ArknightsTactics\assets\battlecards\Plume.png"
Podenco,icon,OK,"C:\Users\mahoe\OneDrive\Documents\Dev\ArknightsTactics\assets\icons\Podenco.png","C:\Users\mahoe\OneDrive\Documents\Dev\ArknightsTactics\assets\icons\Podenco.png"
Podenco,battlecard,OK,"C:\Users\mahoe\OneDrive\Documents\Dev\ArknightsTactics\assets\battlecards\Podenco.png","C:\Users\mahoe\OneDrive\Documents\Dev\ArknightsTactics\assets\battlecards\Podenco.png"
Poncirus,icon,OK,"C:\Users\mahoe\OneDrive\Documents\Dev\ArknightsTactics\assets\icons\Poncirus.png","C:\Users\mahoe\OneDrive\Documents\Dev\ArknightsTactics\assets\icons\Poncirus.png"
Poncirus,battlecard,OK,"C:\Users\mahoe\OneDrive\Documents\Dev\ArknightsTactics\assets\battlecards\Poncirus.png","C:\Users\mahoe\OneDrive\Documents\Dev\ArknightsTactics\assets\battlecards\Poncirus.png"
Popukar,icon,OK,"C:\Users\mahoe\OneDrive\Documents\Dev\ArknightsTactics\assets\icons\Popukar.png","C:\Users\mahoe\OneDrive\Documents\Dev\ArknightsTactics\assets\icons\Popukar.png"
Popukar,battlecard,OK,"C:\Users\mahoe\OneDrive\Documents\Dev\ArknightsTactics\assets\battlecards\Popukar.png","C:\Users\mahoe\OneDrive\Documents\Dev\ArknightsTactics\assets\battlecards\Popukar.png"
Pramanix,icon,OK,"C:\Users\mahoe\OneDrive\Documents\Dev\ArknightsTactics\assets\icons\Pramanix.png","C:\Users\mahoe\OneDrive\Documents\Dev\ArknightsTactics\assets\icons\Pramanix.png"
Pramanix,battlecard,OK,"C:\Users\mahoe\OneDrive\Documents\Dev\ArknightsTactics\assets\battlecards\Pramanix.png","C:\Users\mahoe\OneDrive\Documents\Dev\ArknightsTactics\assets\battlecards\Pramanix.png"
Projekt Red,icon,OK,"C:\Users\mahoe\OneDrive\Documents\Dev\ArknightsTactics\assets\icons\Projekt Red.png","C:\Users\mahoe\OneDrive\Documents\Dev\ArknightsTactics\assets\icons\Projekt Red.png"
Projekt Red,battlecard,OK,"C:\Users\mahoe\OneDrive\Documents\Dev\ArknightsTactics\assets\battlecards\Projekt Red.png","C:\Users\mahoe\OneDrive\Documents\Dev\ArknightsTactics\assets\battlecards\Projekt Red.png"
Provence,icon,OK,"C:\Users\mahoe\OneDrive\Documents\Dev\ArknightsTactics\assets\icons\Provence.png","C:\Users\mahoe\OneDrive\Documents\Dev\ArknightsTactics\assets\icons\Provence.png"
Provence,battlecard,OK,"C:\Users\mahoe\OneDrive\Documents\Dev\ArknightsTactics\assets\battlecards\Provence.png","C:\Users\mahoe\OneDrive\Documents\Dev\ArknightsTactics\assets\battlecards\Provence.png"
Ptilopsis,icon,OK,"C:\Users\mahoe\OneDrive\Documents\Dev\ArknightsTactics\assets\icons\Ptilopsis.png","C:\Users\mahoe\OneDrive\Documents\Dev\ArknightsTactics\assets\icons\Ptilopsis.png"
Ptilopsis,battlecard,OK,"C:\Users\mahoe\OneDrive\Documents\Dev\ArknightsTactics\assets\battlecards\Ptilopsis.png","C:\Users\mahoe\OneDrive\Documents\Dev\ArknightsTactics\assets\battlecards\Ptilopsis.png"
Pudding,icon,OK,"C:\Users\mahoe\OneDrive\Documents\Dev\ArknightsTactics\assets\icons\Pudding.png","C:\Users\mahoe\OneDrive\Documents\Dev\ArknightsTactics\assets\icons\Pudding.png"
Pudding,battlecard,OK,"C:\Users\mahoe\OneDrive\Documents\Dev\ArknightsTactics\assets\battlecards\Pudding.png","C:\Users\mahoe\OneDrive\Documents\Dev\ArknightsTactics\assets\battlecards\Pudding.png"
Purestream,icon,OK,"C:\Users\mahoe\OneDrive\Documents\Dev\ArknightsTactics\assets\icons\Purestream.png","C:\Users\mahoe\OneDrive\Documents\Dev\ArknightsTactics\assets\icons\Purestream.png"
Purestream,battlecard,OK,"C:\Users\mahoe\OneDrive\Documents\Dev\ArknightsTactics\assets\battlecards\Purestream.png","C:\Users\mahoe\OneDrive\Documents\Dev\ArknightsTactics\assets\battlecards\Purestream.png"
Puzzle,icon,OK,"C:\Users\mahoe\OneDrive\Documents\Dev\ArknightsTactics\assets\icons\Puzzle.png","C:\Users\mahoe\OneDrive\Documents\Dev\ArknightsTactics\assets\icons\Puzzle.png"
Puzzle,battlecard,OK,"C:\Users\mahoe\OneDrive\Documents\Dev\ArknightsTactics\assets\battlecards\Puzzle.png","C:\Users\mahoe\OneDrive\Documents\Dev\ArknightsTactics\assets\battlecards\Puzzle.png"
Qanipalaat,icon,OK,"C:\Users\mahoe\OneDrive\Documents\Dev\ArknightsTactics\assets\icons\Qanipalaat.png","C:\Users\mahoe\OneDrive\Documents\Dev\ArknightsTactics\assets\icons\Qanipalaat.png"
Qanipalaat,battlecard,OK,"C:\Users\mahoe\OneDrive\Documents\Dev\ArknightsTactics\assets\battlecards\Qanipalaat.png","C:\Users\mahoe\OneDrive\Documents\Dev\ArknightsTactics\assets\battlecards\Qanipalaat.png"
Qiubai,icon,OK,"C:\Users\mahoe\OneDrive\Documents\Dev\ArknightsTactics\assets\icons\Qiubai.png","C:\Users\mahoe\OneDrive\Documents\Dev\ArknightsTactics\assets\icons\Qiubai.png"
Qiubai,battlecard,OK,"C:\Users\mahoe\OneDrive\Documents\Dev\ArknightsTactics\assets\battlecards\Qiubai.png","C:\Users\mahoe\OneDrive\Documents\Dev\ArknightsTactics\assets\battlecards\Qiubai.png"
Quartz,icon,OK,"C:\Users\mahoe\OneDrive\Documents\Dev\ArknightsTactics\assets\icons\Quartz.png","C:\Users\mahoe\OneDrive\Documents\Dev\ArknightsTactics\assets\icons\Quartz.png"
Quartz,battlecard,OK,"C:\Users\mahoe\OneDrive\Documents\Dev\ArknightsTactics\assets\battlecards\Quartz.png","C:\Users\mahoe\OneDrive\Documents\Dev\ArknightsTactics\assets\battlecards\Quartz.png"
Quercus,icon,OK,"C:\Users\mahoe\OneDrive\Documents\Dev\ArknightsTactics\assets\icons\Quercus.png","C:\Users\mahoe\OneDrive\Documents\Dev\ArknightsTactics\assets\icons\Quercus.png"
Quercus,battlecard,OK,"C:\Users\mahoe\OneDrive\Documents\Dev\ArknightsTactics\assets\battlecards\Quercus.png","C:\Users\mahoe\OneDrive\Documents\Dev\ArknightsTactics\assets\battlecards\Quercus.png"
Rangers,icon,OK,"C:\Users\mahoe\OneDrive\Documents\Dev\ArknightsTactics\assets\icons\Rangers.png","C:\Users\mahoe\OneDrive\Documents\Dev\ArknightsTactics\assets\icons\Rangers.png"
Rangers,battlecard,OK,"C:\Users\mahoe\OneDrive\Documents\Dev\ArknightsTactics\assets\battlecards\Rangers.png","C:\Users\mahoe\OneDrive\Documents\Dev\ArknightsTactics\assets\battlecards\Rangers.png"
Rathalos S Noir Corne,icon,OK,"C:\Users\mahoe\OneDrive\Documents\Dev\ArknightsTactics\assets\icons\Rathalos S Noir Corne.png","C:\Users\mahoe\OneDrive\Documents\Dev\ArknightsTactics\assets\icons\Rathalos S Noir Corne.png"
Rathalos S Noir Corne,battlecard,OK,"C:\Users\mahoe\OneDrive\Documents\Dev\ArknightsTactics\assets\battlecards\Rathalos S Noir Corne.png","C:\Users\mahoe\OneDrive\Documents\Dev\ArknightsTactics\assets\battlecards\Rathalos S Noir Corne.png"
Reed,icon,OK,"C:\Users\mahoe\OneDrive\Documents\Dev\ArknightsTactics\assets\icons\Reed.png","C:\Users\mahoe\OneDrive\Documents\Dev\ArknightsTactics\assets\icons\Reed.png"
Reed,battlecard,OK,"C:\Users\mahoe\OneDrive\Documents\Dev\ArknightsTactics\assets\battlecards\Reed.png","C:\Users\mahoe\OneDrive\Documents\Dev\ArknightsTactics\assets\battlecards\Reed.png"
Roberta,icon,OK,"C:\Users\mahoe\OneDrive\Documents\Dev\ArknightsTactics\assets\icons\Roberta.png","C:\Users\mahoe\OneDrive\Documents\Dev\ArknightsTactics\assets\icons\Roberta.png"
Roberta,battlecard,OK,"C:\Users\mahoe\OneDrive\Documents\Dev\ArknightsTactics\assets\battlecards\Roberta.png","C:\Users\mahoe\OneDrive\Documents\Dev\ArknightsTactics\assets\battlecards\Roberta.png"
Robin,icon,OK,"C:\Users\mahoe\OneDrive\Documents\Dev\ArknightsTactics\assets\icons\Robin.png","C:\Users\mahoe\OneDrive\Documents\Dev\ArknightsTactics\assets\icons\Robin.png"
Robin,battlecard,OK,"C:\Users\mahoe\OneDrive\Documents\Dev\ArknightsTactics\assets\battlecards\Robin.png","C:\Users\mahoe\OneDrive\Documents\Dev\ArknightsTactics\assets\battlecards\Robin.png"
Rockrock,icon,OK,"C:\Users\mahoe\OneDrive\Documents\Dev\ArknightsTactics\assets\icons\Rockrock.png","C:\Users\mahoe\OneDrive\Documents\Dev\ArknightsTactics\assets\icons\Rockrock.png"
Rockrock,battlecard,OK,"C:\Users\mahoe\OneDrive\Documents\Dev\ArknightsTactics\assets\battlecards\Rockrock.png","C:\Users\mahoe\OneDrive\Documents\Dev\ArknightsTactics\assets\battlecards\Rockrock.png"
Rope,icon,OK,"C:\Users\mahoe\OneDrive\Documents\Dev\ArknightsTactics\assets\icons\Rope.png","C:\Users\mahoe\OneDrive\Documents\Dev\ArknightsTactics\assets\icons\Rope.png"
Rope,battlecard,OK,"C:\Users\mahoe\OneDrive\Documents\Dev\ArknightsTactics\assets\battlecards\Rope.png","C:\Users\mahoe\OneDrive\Documents\Dev\ArknightsTactics\assets\battlecards\Rope.png"
Rosa,icon,OK,"C:\Users\mahoe\OneDrive\Documents\Dev\ArknightsTactics\assets\icons\Rosa.png","C:\Users\mahoe\OneDrive\Documents\Dev\ArknightsTactics\assets\icons\Rosa.png"
Rosa,battlecard,OK,"C:\Users\mahoe\OneDrive\Documents\Dev\ArknightsTactics\assets\battlecards\Rosa.png","C:\Users\mahoe\OneDrive\Documents\Dev\ArknightsTactics\assets\battlecards\Rosa.png"
Saga,icon,OK,"C:\Users\mahoe\OneDrive\Documents\Dev\ArknightsTactics\assets\icons\Saga.png","C:\Users\mahoe\OneDrive\Documents\Dev\ArknightsTactics\assets\icons\Saga.png"
Saga,battlecard,OK,"C:\Users\mahoe\OneDrive\Documents\Dev\ArknightsTactics\assets\battlecards\Saga.png","C:\Users\mahoe\OneDrive\Documents\Dev\ArknightsTactics\assets\battlecards\Saga.png"
Saileach,icon,OK,"C:\Users\mahoe\OneDrive\Documents\Dev\ArknightsTactics\assets\icons\Saileach.png","C:\Users\mahoe\OneDrive\Documents\Dev\ArknightsTactics\assets\icons\Saileach.png"
Saileach,battlecard,OK,"C:\Users\mahoe\OneDrive\Documents\Dev\ArknightsTactics\assets\battlecards\Saileach.png","C:\Users\mahoe\OneDrive\Documents\Dev\ArknightsTactics\assets\battlecards\Saileach.png"
Santalla,icon,OK,"C:\Users\mahoe\OneDrive\Documents\Dev\ArknightsTactics\assets\icons\Santalla.png","C:\Users\mahoe\OneDrive\Documents\Dev\ArknightsTactics\assets\icons\Santalla.png"
Santalla,battlecard,OK,"C:\Users\mahoe\OneDrive\Documents\Dev\ArknightsTactics\assets\battlecards\Santalla.png","C:\Users\mahoe\OneDrive\Documents\Dev\ArknightsTactics\assets\battlecards\Santalla.png"
Saria,icon,OK,"C:\Users\mahoe\OneDrive\Documents\Dev\ArknightsTactics\assets\icons\Saria.png","C:\Users\mahoe\OneDrive\Documents\Dev\ArknightsTactics\assets\icons\Saria.png"
Saria,battlecard,OK,"C:\Users\mahoe\OneDrive\Documents\Dev\ArknightsTactics\assets\battlecards\Saria.png","C:\Users\mahoe\OneDrive\Documents\Dev\ArknightsTactics\assets\battlecards\Saria.png"
Savage,icon,OK,"C:\Users\mahoe\OneDrive\Documents\Dev\ArknightsTactics\assets\icons\Savage.png","C:\Users\mahoe\OneDrive\Documents\Dev\ArknightsTactics\assets\icons\Savage.png"
Savage,battlecard,OK,"C:\Users\mahoe\OneDrive\Documents\Dev\ArknightsTactics\assets\battlecards\Savage.png","C:\Users\mahoe\OneDrive\Documents\Dev\ArknightsTactics\assets\battlecards\Savage.png"
Scavenger,icon,OK,"C:\Users\mahoe\OneDrive\Documents\Dev\ArknightsTactics\assets\icons\Scavenger.png","C:\Users\mahoe\OneDrive\Documents\Dev\ArknightsTactics\assets\icons\Scavenger.png"
Scavenger,battlecard,OK,"C:\Users\mahoe\OneDrive\Documents\Dev\ArknightsTactics\assets\battlecards\Scavenger.png","C:\Users\mahoe\OneDrive\Documents\Dev\ArknightsTactics\assets\battlecards\Scavenger.png"
Scene,icon,OK,"C:\Users\mahoe\OneDrive\Documents\Dev\ArknightsTactics\assets\icons\Scene.png","C:\Users\mahoe\OneDrive\Documents\Dev\ArknightsTactics\assets\icons\Scene.png"
Scene,battlecard,OK,"C:\Users\mahoe\OneDrive\Documents\Dev\ArknightsTactics\assets\battlecards\Scene.png","C:\Users\mahoe\OneDrive\Documents\Dev\ArknightsTactics\assets\battlecards\Scene.png"
Schwarz,icon,OK,"C:\Users\mahoe\OneDrive\Documents\Dev\ArknightsTactics\assets\icons\Schwarz.png","C:\Users\mahoe\OneDrive\Documents\Dev\ArknightsTactics\assets\icons\Schwarz.png"
Schwarz,battlecard,OK,"C:\Users\mahoe\OneDrive\Documents\Dev\ArknightsTactics\assets\battlecards\Schwarz.png","C:\Users\mahoe\OneDrive\Documents\Dev\ArknightsTactics\assets\battlecards\Schwarz.png"
Shalem,icon,OK,"C:\Users\mahoe\OneDrive\Documents\Dev\ArknightsTactics\assets\icons\Shalem.png","C:\Users\mahoe\OneDrive\Documents\Dev\ArknightsTactics\assets\icons\Shalem.png"
Shalem,battlecard,OK,"C:\Users\mahoe\OneDrive\Documents\Dev\ArknightsTactics\assets\battlecards\Shalem.png","C:\Users\mahoe\OneDrive\Documents\Dev\ArknightsTactics\assets\battlecards\Shalem.png"
Sharp,icon,OK,"C:\Users\mahoe\OneDrive\Documents\Dev\ArknightsTactics\assets\icons\Sharp.png","C:\Users\mahoe\OneDrive\Documents\Dev\ArknightsTactics\assets\icons\Sharp.png"
Sharp,battlecard,OK,"C:\Users\mahoe\OneDrive\Documents\Dev\ArknightsTactics\assets\battlecards\Sharp.png","C:\Users\mahoe\OneDrive\Documents\Dev\ArknightsTactics\assets\battlecards\Sharp.png"
Shirayuki,icon,OK,"C:\Users\mahoe\OneDrive\Documents\Dev\ArknightsTactics\assets\icons\Shirayuki.png","C:\Users\mahoe\OneDrive\Documents\Dev\ArknightsTactics\assets\icons\Shirayuki.png"
Shirayuki,battlecard,OK,"C:\Users\mahoe\OneDrive\Documents\Dev\ArknightsTactics\assets\battlecards\Shirayuki.png","C:\Users\mahoe\OneDrive\Documents\Dev\ArknightsTactics\assets\battlecards\Shirayuki.png"
Sideroca,icon,OK,"C:\Users\mahoe\OneDrive\Documents\Dev\ArknightsTactics\assets\icons\Sideroca.png","C:\Users\mahoe\OneDrive\Documents\Dev\ArknightsTactics\assets\icons\Sideroca.png"
Sideroca,battlecard,OK,"C:\Users\mahoe\OneDrive\Documents\Dev\ArknightsTactics\assets\battlecards\Sideroca.png","C:\Users\mahoe\OneDrive\Documents\Dev\ArknightsTactics\assets\battlecards\Sideroca.png"
Siege,icon,OK,"C:\Users\mahoe\OneDrive\Documents\Dev\ArknightsTactics\assets\icons\Siege.png","C:\Users\mahoe\OneDrive\Documents\Dev\ArknightsTactics\assets\icons\Siege.png"
Siege,battlecard,OK,"C:\Users\mahoe\OneDrive\Documents\Dev\ArknightsTactics\assets\battlecards\Siege.png","C:\Users\mahoe\OneDrive\Documents\Dev\ArknightsTactics\assets\battlecards\Siege.png"
Silence,icon,OK,"C:\Users\mahoe\OneDrive\Documents\Dev\ArknightsTactics\assets\icons\Silence.png","C:\Users\mahoe\OneDrive\Documents\Dev\ArknightsTactics\assets\icons\Silence.png"
Silence,battlecard,OK,"C:\Users\mahoe\OneDrive\Documents\Dev\ArknightsTactics\assets\battlecards\Silence.png","C:\Users\mahoe\OneDrive\Documents\Dev\ArknightsTactics\assets\battlecards\Silence.png"
SilverAsh,icon,OK,"C:\Users\mahoe\OneDrive\Documents\Dev\ArknightsTactics\assets\icons\SilverAsh.png","C:\Users\mahoe\OneDrive\Documents\Dev\ArknightsTactics\assets\icons\SilverAsh.png"
SilverAsh,battlecard,OK,"C:\Users\mahoe\OneDrive\Documents\Dev\ArknightsTactics\assets\battlecards\SilverAsh.png","C:\Users\mahoe\OneDrive\Documents\Dev\ArknightsTactics\assets\battlecards\SilverAsh.png"
Skadi,icon,OK,"C:\Users\mahoe\OneDrive\Documents\Dev\ArknightsTactics\assets\icons\Skadi.png","C:\Users\mahoe\OneDrive\Documents\Dev\ArknightsTactics\assets\icons\Skadi.png"
Skadi,battlecard,OK,"C:\Users\mahoe\OneDrive\Documents\Dev\ArknightsTactics\assets\battlecards\Skadi.png","C:\Users\mahoe\OneDrive\Documents\Dev\ArknightsTactics\assets\battlecards\Skadi.png"
Skyfire,icon,OK,"C:\Users\mahoe\OneDrive\Documents\Dev\ArknightsTactics\assets\icons\Skyfire.png","C:\Users\mahoe\OneDrive\Documents\Dev\ArknightsTactics\assets\icons\Skyfire.png"
Skyfire,battlecard,OK,"C:\Users\mahoe\OneDrive\Documents\Dev\ArknightsTactics\assets\battlecards\Skyfire.png","C:\Users\mahoe\OneDrive\Documents\Dev\ArknightsTactics\assets\battlecards\Skyfire.png"
Snowsant,icon,OK,"C:\Users\mahoe\OneDrive\Documents\Dev\ArknightsTactics\assets\icons\Snowsant.png","C:\Users\mahoe\OneDrive\Documents\Dev\ArknightsTactics\assets\icons\Snowsant.png"
Snowsant,battlecard,OK,"C:\Users\mahoe\OneDrive\Documents\Dev\ArknightsTactics\assets\battlecards\Snowsant.png","C:\Users\mahoe\OneDrive\Documents\Dev\ArknightsTactics\assets\battlecards\Snowsant.png"
Sora,icon,OK,"C:\Users\mahoe\OneDrive\Documents\Dev\ArknightsTactics\assets\icons\Sora.png","C:\Users\mahoe\OneDrive\Documents\Dev\ArknightsTactics\assets\icons\Sora.png"
Sora,battlecard,OK,"C:\Users\mahoe\OneDrive\Documents\Dev\ArknightsTactics\assets\battlecards\Sora.png","C:\Users\mahoe\OneDrive\Documents\Dev\ArknightsTactics\assets\battlecards\Sora.png"
Specter,icon,OK,"C:\Users\mahoe\OneDrive\Documents\Dev\ArknightsTactics\assets\icons\Specter.png","C:\Users\mahoe\OneDrive\Documents\Dev\ArknightsTactics\assets\icons\Specter.png"
Specter,battlecard,OK,"C:\Users\mahoe\OneDrive\Documents\Dev\ArknightsTactics\assets\battlecards\Specter.png","C:\Users\mahoe\OneDrive\Documents\Dev\ArknightsTactics\assets\battlecards\Specter.png"
Spot,icon,OK,"C:\Users\mahoe\OneDrive\Documents\Dev\ArknightsTactics\assets\icons\Spot.png","C:\Users\mahoe\OneDrive\Documents\Dev\ArknightsTactics\assets\icons\Spot.png"
Spot,battlecard,OK,"C:\Users\mahoe\OneDrive\Documents\Dev\ArknightsTactics\assets\battlecards\Spot.png","C:\Users\mahoe\OneDrive\Documents\Dev\ArknightsTactics\assets\battlecards\Spot.png"
Stainless,icon,OK,"C:\Users\mahoe\OneDrive\Documents\Dev\ArknightsTactics\assets\icons\Stainless.png","C:\Users\mahoe\OneDrive\Documents\Dev\ArknightsTactics\assets\icons\Stainless.png"
Stainless,battlecard,OK,"C:\Users\mahoe\OneDrive\Documents\Dev\ArknightsTactics\assets\battlecards\Stainless.png","C:\Users\mahoe\OneDrive\Documents\Dev\ArknightsTactics\assets\battlecards\Stainless.png"
Steward,icon,OK,"C:\Users\mahoe\OneDrive\Documents\Dev\ArknightsTactics\assets\icons\Steward.png","C:\Users\mahoe\OneDrive\Documents\Dev\ArknightsTactics\assets\icons\Steward.png"
Steward,battlecard,OK,"C:\Users\mahoe\OneDrive\Documents\Dev\ArknightsTactics\assets\battlecards\Steward.png","C:\Users\mahoe\OneDrive\Documents\Dev\ArknightsTactics\assets\battlecards\Steward.png"
Surtr,icon,OK,"C:\Users\mahoe\OneDrive\Documents\Dev\ArknightsTactics\assets\icons\Surtr.png","C:\Users\mahoe\OneDrive\Documents\Dev\ArknightsTactics\assets\icons\Surtr.png"
Surtr,battlecard,OK,"C:\Users\mahoe\OneDrive\Documents\Dev\ArknightsTactics\assets\battlecards\Surtr.png","C:\Users\mahoe\OneDrive\Documents\Dev\ArknightsTactics\assets\battlecards\Surtr.png"
Suzuran,icon,OK,"C:\Users\mahoe\OneDrive\Documents\Dev\ArknightsTactics\assets\icons\Suzuran.png","C:\Users\mahoe\OneDrive\Documents\Dev\ArknightsTactics\assets\icons\Suzuran.png"
Suzuran,battlecard,OK,"C:\Users\mahoe\OneDrive\Documents\Dev\ArknightsTactics\assets\battlecards\Suzuran.png","C:\Users\mahoe\OneDrive\Documents\Dev\ArknightsTactics\assets\battlecards\Suzuran.png"
Swire,icon,OK,"C:\Users\mahoe\OneDrive\Documents\Dev\ArknightsTactics\assets\icons\Swire.png","C:\Users\mahoe\OneDrive\Documents\Dev\ArknightsTactics\assets\icons\Swire.png"
Swire,battlecard,OK,"C:\Users\mahoe\OneDrive\Documents\Dev\ArknightsTactics\assets\battlecards\Swire.png","C:\Users\mahoe\OneDrive\Documents\Dev\ArknightsTactics\assets\battlecards\Swire.png"
Tachanka,icon,OK,"C:\Users\mahoe\OneDrive\Documents\Dev\ArknightsTactics\assets\icons\Tachanka.png","C:\Users\mahoe\OneDrive\Documents\Dev\ArknightsTactics\assets\icons\Tachanka.png"
Tachanka,battlecard,OK,"C:\Users\mahoe\OneDrive\Documents\Dev\ArknightsTactics\assets\battlecards\Tachanka.png","C:\Users\mahoe\OneDrive\Documents\Dev\ArknightsTactics\assets\battlecards\Tachanka.png"
Tecno,icon,OK,"C:\Users\mahoe\OneDrive\Documents\Dev\ArknightsTactics\assets\icons\Tecno.png","C:\Users\mahoe\OneDrive\Documents\Dev\ArknightsTactics\assets\icons\Tecno.png"
Tecno,battlecard,OK,"C:\Users\mahoe\OneDrive\Documents\Dev\ArknightsTactics\assets\battlecards\Tecno.png","C:\Users\mahoe\OneDrive\Documents\Dev\ArknightsTactics\assets\battlecards\Tecno.png"
Tequila,icon,OK,"C:\Users\mahoe\OneDrive\Documents\Dev\ArknightsTactics\assets\icons\Tequila.png","C:\Users\mahoe\OneDrive\Documents\Dev\ArknightsTactics\assets\icons\Tequila.png"
Tequila,battlecard,OK,"C:\Users\mahoe\OneDrive\Documents\Dev\ArknightsTactics\assets\battlecards\Tequila.png","C:\Users\mahoe\OneDrive\Documents\Dev\ArknightsTactics\assets\battlecards\Tequila.png"
Texas,icon,OK,"C:\Users\mahoe\OneDrive\Documents\Dev\ArknightsTactics\assets\icons\Texas.png","C:\Users\mahoe\OneDrive\Documents\Dev\ArknightsTactics\assets\icons\Texas.png"
Texas,battlecard,OK,"C:\Users\mahoe\OneDrive\Documents\Dev\ArknightsTactics\assets\battlecards\Texas.png","C:\Users\mahoe\OneDrive\Documents\Dev\ArknightsTactics\assets\battlecards\Texas.png"
Thorns,icon,OK,"C:\Users\mahoe\OneDrive\Documents\Dev\ArknightsTactics\assets\icons\Thorns.png","C:\Users\mahoe\OneDrive\Documents\Dev\ArknightsTactics\assets\icons\Thorns.png"
Thorns,battlecard,OK,"C:\Users\mahoe\OneDrive\Documents\Dev\ArknightsTactics\assets\battlecards\Thorns.png","C:\Users\mahoe\OneDrive\Documents\Dev\ArknightsTactics\assets\battlecards\Thorns.png"
THRM-EX,icon,OK,"C:\Users\mahoe\OneDrive\Documents\Dev\ArknightsTactics\assets\icons\THRM-EX.png","C:\Users\mahoe\OneDrive\Documents\Dev\ArknightsTactics\assets\icons\THRM-EX.png"
THRM-EX,battlecard,OK,"C:\Users\mahoe\OneDrive\Documents\Dev\ArknightsTactics\assets\battlecards\THRM-EX.png","C:\Users\mahoe\OneDrive\Documents\Dev\ArknightsTactics\assets\battlecards\THRM-EX.png"
Togawa Sakiko,icon,OK,"C:\Users\mahoe\OneDrive\Documents\Dev\ArknightsTactics\assets\icons\Togawa Sakiko.png","C:\Users\mahoe\OneDrive\Documents\Dev\ArknightsTactics\assets\icons\Togawa Sakiko.png"
Togawa Sakiko,battlecard,OK,"C:\Users\mahoe\OneDrive\Documents\Dev\ArknightsTactics\assets\battlecards\Togawa Sakiko.png","C:\Users\mahoe\OneDrive\Documents\Dev\ArknightsTactics\assets\battlecards\Togawa Sakiko.png"
Tomimi,icon,OK,"C:\Users\mahoe\OneDrive\Documents\Dev\ArknightsTactics\assets\icons\Tomimi.png","C:\Users\mahoe\OneDrive\Documents\Dev\ArknightsTactics\assets\icons\Tomimi.png"
Tomimi,battlecard,OK,"C:\Users\mahoe\OneDrive\Documents\Dev\ArknightsTactics\assets\battlecards\Tomimi.png","C:\Users\mahoe\OneDrive\Documents\Dev\ArknightsTactics\assets\battlecards\Tomimi.png"
Tsukinogi,icon,OK,"C:\Users\mahoe\OneDrive\Documents\Dev\ArknightsTactics\assets\icons\Tsukinogi.png","C:\Users\mahoe\OneDrive\Documents\Dev\ArknightsTactics\assets\icons\Tsukinogi.png"
Tsukinogi,battlecard,OK,"C:\Users\mahoe\OneDrive\Documents\Dev\ArknightsTactics\assets\battlecards\Tsukinogi.png","C:\Users\mahoe\OneDrive\Documents\Dev\ArknightsTactics\assets\battlecards\Tsukinogi.png"
Tulip,icon,OK,"C:\Users\mahoe\OneDrive\Documents\Dev\ArknightsTactics\assets\icons\Tulip.png","C:\Users\mahoe\OneDrive\Documents\Dev\ArknightsTactics\assets\icons\Tulip.png"
Tulip,battlecard,OK,"C:\Users\mahoe\OneDrive\Documents\Dev\ArknightsTactics\assets\battlecards\Tulip.png","C:\Users\mahoe\OneDrive\Documents\Dev\ArknightsTactics\assets\battlecards\Tulip.png"
Utage,icon,OK,"C:\Users\mahoe\OneDrive\Documents\Dev\ArknightsTactics\assets\icons\Utage.png","C:\Users\mahoe\OneDrive\Documents\Dev\ArknightsTactics\assets\icons\Utage.png"
Utage,battlecard,OK,"C:\Users\mahoe\OneDrive\Documents\Dev\ArknightsTactics\assets\battlecards\Utage.png","C:\Users\mahoe\OneDrive\Documents\Dev\ArknightsTactics\assets\battlecards\Utage.png"
Vanilla,icon,OK,"C:\Users\mahoe\OneDrive\Documents\Dev\ArknightsTactics\assets\icons\Vanilla.png","C:\Users\mahoe\OneDrive\Documents\Dev\ArknightsTactics\assets\icons\Vanilla.png"
Vanilla,battlecard,OK,"C:\Users\mahoe\OneDrive\Documents\Dev\ArknightsTactics\assets\battlecards\Vanilla.png","C:\Users\mahoe\OneDrive\Documents\Dev\ArknightsTactics\assets\battlecards\Vanilla.png"
Vermeil,icon,OK,"C:\Users\mahoe\OneDrive\Documents\Dev\ArknightsTactics\assets\icons\Vermeil.png","C:\Users\mahoe\OneDrive\Documents\Dev\ArknightsTactics\assets\icons\Vermeil.png"
Vermeil,battlecard,OK,"C:\Users\mahoe\OneDrive\Documents\Dev\ArknightsTactics\assets\battlecards\Vermeil.png","C:\Users\mahoe\OneDrive\Documents\Dev\ArknightsTactics\assets\battlecards\Vermeil.png"
Vigil,icon,OK,"C:\Users\mahoe\OneDrive\Documents\Dev\ArknightsTactics\assets\icons\Vigil.png","C:\Users\mahoe\OneDrive\Documents\Dev\ArknightsTactics\assets\icons\Vigil.png"
Vigil,battlecard,OK,"C:\Users\mahoe\OneDrive\Documents\Dev\ArknightsTactics\assets\battlecards\Vigil.png","C:\Users\mahoe\OneDrive\Documents\Dev\ArknightsTactics\assets\battlecards\Vigil.png"
Vigna,icon,OK,"C:\Users\mahoe\OneDrive\Documents\Dev\ArknightsTactics\assets\icons\Vigna.png","C:\Users\mahoe\OneDrive\Documents\Dev\ArknightsTactics\assets\icons\Vigna.png"
Vigna,battlecard,OK,"C:\Users\mahoe\OneDrive\Documents\Dev\ArknightsTactics\assets\battlecards\Vigna.png","C:\Users\mahoe\OneDrive\Documents\Dev\ArknightsTactics\assets\battlecards\Vigna.png"
Viviana Droste,icon,OK,"C:\Users\mahoe\OneDrive\Documents\Dev\ArknightsTactics\assets\icons\Viviana Droste.png","C:\Users\mahoe\OneDrive\Documents\Dev\ArknightsTactics\assets\icons\Viviana Droste.png"
Viviana Droste,battlecard,OK,"C:\Users\mahoe\OneDrive\Documents\Dev\ArknightsTactics\assets\battlecards\Viviana Droste.png","C:\Users\mahoe\OneDrive\Documents\Dev\ArknightsTactics\assets\battlecards\Viviana Droste.png"
Vulcan,icon,OK,"C:\Users\mahoe\OneDrive\Documents\Dev\ArknightsTactics\assets\icons\Vulcan.png","C:\Users\mahoe\OneDrive\Documents\Dev\ArknightsTactics\assets\icons\Vulcan.png"
Vulcan,battlecard,OK,"C:\Users\mahoe\OneDrive\Documents\Dev\ArknightsTactics\assets\battlecards\Vulcan.png","C:\Users\mahoe\OneDrive\Documents\Dev\ArknightsTactics\assets\battlecards\Vulcan.png"
Waai Fu,icon,OK,"C:\Users\mahoe\OneDrive\Documents\Dev\ArknightsTactics\assets\icons\Waai Fu.png","C:\Users\mahoe\OneDrive\Documents\Dev\ArknightsTactics\assets\icons\Waai Fu.png"
Waai Fu,battlecard,OK,"C:\Users\mahoe\OneDrive\Documents\Dev\ArknightsTactics\assets\battlecards\Waai Fu.png","C:\Users\mahoe\OneDrive\Documents\Dev\ArknightsTactics\assets\battlecards\Waai Fu.png"
Warfarin,icon,OK,"C:\Users\mahoe\OneDrive\Documents\Dev\ArknightsTactics\assets\icons\Warfarin.png","C:\Users\mahoe\OneDrive\Documents\Dev\ArknightsTactics\assets\icons\Warfarin.png"
Warfarin,battlecard,OK,"C:\Users\mahoe\OneDrive\Documents\Dev\ArknightsTactics\assets\battlecards\Warfarin.png","C:\Users\mahoe\OneDrive\Documents\Dev\ArknightsTactics\assets\battlecards\Warfarin.png"
Warmy,icon,OK,"C:\Users\mahoe\OneDrive\Documents\Dev\ArknightsTactics\assets\icons\Warmy.png","C:\Users\mahoe\OneDrive\Documents\Dev\ArknightsTactics\assets\icons\Warmy.png"
Warmy,battlecard,OK,"C:\Users\mahoe\OneDrive\Documents\Dev\ArknightsTactics\assets\battlecards\Warmy.png","C:\Users\mahoe\OneDrive\Documents\Dev\ArknightsTactics\assets\battlecards\Warmy.png"
Weedy,icon,OK,"C:\Users\mahoe\OneDrive\Documents\Dev\ArknightsTactics\assets\icons\Weedy.png","C:\Users\mahoe\OneDrive\Documents\Dev\ArknightsTactics\assets\icons\Weedy.png"
Weedy,battlecard,OK,"C:\Users\mahoe\OneDrive\Documents\Dev\ArknightsTactics\assets\battlecards\Weedy.png","C:\Users\mahoe\OneDrive\Documents\Dev\ArknightsTactics\assets\battlecards\Weedy.png"
Whislash,icon,OK,"C:\Users\mahoe\OneDrive\Documents\Dev\ArknightsTactics\assets\icons\Whislash.png","C:\Users\mahoe\OneDrive\Documents\Dev\ArknightsTactics\assets\icons\Whislash.png"
Whislash,battlecard,OK,"C:\Users\mahoe\OneDrive\Documents\Dev\ArknightsTactics\assets\battlecards\Whislash.png","C:\Users\mahoe\OneDrive\Documents\Dev\ArknightsTactics\assets\battlecards\Whislash.png"
Whisperain,icon,OK,"C:\Users\mahoe\OneDrive\Documents\Dev\ArknightsTactics\assets\icons\Whisperain.png","C:\Users\mahoe\OneDrive\Documents\Dev\ArknightsTactics\assets\icons\Whisperain.png"
Whisperain,battlecard,OK,"C:\Users\mahoe\OneDrive\Documents\Dev\ArknightsTactics\assets\battlecards\Whisperain.png","C:\Users\mahoe\OneDrive\Documents\Dev\ArknightsTactics\assets\battlecards\Whisperain.png"
Wild Mane,icon,OK,"C:\Users\mahoe\OneDrive\Documents\Dev\ArknightsTactics\assets\icons\Wild Mane.png","C:\Users\mahoe\OneDrive\Documents\Dev\ArknightsTactics\assets\icons\Wild Mane.png"
Wild Mane,battlecard,OK,"C:\Users\mahoe\OneDrive\Documents\Dev\ArknightsTactics\assets\battlecards\Wild Mane.png","C:\Users\mahoe\OneDrive\Documents\Dev\ArknightsTactics\assets\battlecards\Wild Mane.png"
Wind Chimes,icon,OK,"C:\Users\mahoe\OneDrive\Documents\Dev\ArknightsTactics\assets\icons\Wind Chimes.png","C:\Users\mahoe\OneDrive\Documents\Dev\ArknightsTactics\assets\icons\Wind Chimes.png"
Wind Chimes,battlecard,OK,"C:\Users\mahoe\OneDrive\Documents\Dev\ArknightsTactics\assets\battlecards\Wind Chimes.png","C:\Users\mahoe\OneDrive\Documents\Dev\ArknightsTactics\assets\battlecards\Wind Chimes.png"
Windflit,icon,OK,"C:\Users\mahoe\OneDrive\Documents\Dev\ArknightsTactics\assets\icons\Windflit.png","C:\Users\mahoe\OneDrive\Documents\Dev\ArknightsTactics\assets\icons\Windflit.png"
Windflit,battlecard,OK,"C:\Users\mahoe\OneDrive\Documents\Dev\ArknightsTactics\assets\battlecards\Windflit.png","C:\Users\mahoe\OneDrive\Documents\Dev\ArknightsTactics\assets\battlecards\Windflit.png"
Yato,icon,OK,"C:\Users\mahoe\OneDrive\Documents\Dev\ArknightsTactics\assets\icons\Yato.png","C:\Users\mahoe\OneDrive\Documents\Dev\ArknightsTactics\assets\icons\Yato.png"
Yato,battlecard,OK,"C:\Users\mahoe\OneDrive\Documents\Dev\ArknightsTactics\assets\battlecards\Yato.png","C:\Users\mahoe\OneDrive\Documents\Dev\ArknightsTactics\assets\battlecards\Yato.png"
Zima,icon,OK,"C:\Users\mahoe\OneDrive\Documents\Dev\ArknightsTactics\assets\icons\Zima.png","C:\Users\mahoe\OneDrive\Documents\Dev\ArknightsTactics\assets\icons\Zima.png"
Zima,battlecard,OK,"C:\Users\mahoe\OneDrive\Documents\Dev\ArknightsTactics\assets\battlecards\Zima.png","C:\Users\mahoe\OneDrive\Documents\Dev\ArknightsTactics\assets\battlecards\Zima.png"
